Keyword;Tablica;Typ frazy;Intent;Traffic proxy (1-10);Commercial (1-10);Product value (1-10);Seasonality (1-5);Priority score;Priorytet;Pinterest search URL;Evidence/source;Brand;Creative System;Default Layout Set;Recommended Pin Structures;Color Palette
organizacja domu;Organizacja domu;Core;Informacyjna;9;9;7;3;7.9;P3;https://pl.pinterest.com/search/pins/?q=organizacja%20domu;https://pl.pinterest.com/poludnica1/organizacja-domu/;DOMOWY RESET;Clean editorial;L01,L02,L06;LISTA,PROBLEM,PRODUCT;#F6F1E8/#20201E/#D85C4A
organizacja mieszkania;Organizacja domu;Core;Informacyjna;9;9;7;3;7.9;P3;https://pl.pinterest.com/search/pins/?q=organizacja%20mieszkania;https://pl.pinterest.com/poludnica1/organizacja-domu/;DOMOWY RESET;Clean editorial;L01,L02,L06;LISTA,PROBLEM,PRODUCT;#F6F1E8/#20201E/#D85C4A
organizacja przestrzeni;Organizacja domu;Core;Informacyjna;9;9;7;3;7.9;P3;https://pl.pinterest.com/search/pins/?q=organizacja%20przestrzeni;https://pl.pinterest.com/poludnica1/organizacja-domu/;DOMOWY RESET;Clean editorial;L01,L02,L06;LISTA,PROBLEM,PRODUCT;#F6F1E8/#20201E/#D85C4A
jak zorganizować dom;Organizacja domu;Core;Informacyjna;9;9;7;3;7.9;P3;https://pl.pinterest.com/search/pins/?q=jak%20zorganizowa%C4%87%20dom;https://pl.pinterest.com/poludnica1/organizacja-domu/;DOMOWY RESET;Clean editorial;L01,L02,L06;LISTA,PROBLEM,PRODUCT;#F6F1E8/#20201E/#D85C4A
jak uporządkować dom;Organizacja domu;Core;Informacyjna;9;9;7;3;7.9;P3;https://pl.pinterest.com/search/pins/?q=jak%20uporz%C4%85dkowa%C4%87%20dom;https://pl.pinterest.com/poludnica1/organizacja-domu/;DOMOWY RESET;Clean editorial;L01,L02,L06;LISTA,PROBLEM,PRODUCT;#F6F1E8/#20201E/#D85C4A
pomysły na organizację domu;Organizacja domu;Long-tail;Informacyjna;9;9;7;3;7.9;P3;https://pl.pinterest.com/search/pins/?q=pomys%C5%82y%20na%20organizacj%C4%99%20domu;https://pl.pinterest.com/poludnica1/organizacja-domu/;DOMOWY RESET;Clean editorial;L01,L02,L06;LISTA,PROBLEM,PRODUCT;#F6F1E8/#20201E/#D85C4A
organizacja domu inspiracje;Organizacja domu;Core;Informacyjna;9;9;7;3;7.9;P3;https://pl.pinterest.com/search/pins/?q=organizacja%20domu%20inspiracje;https://pl.pinterest.com/poludnica1/organizacja-domu/;DOMOWY RESET;Clean editorial;L01,L02,L06;LISTA,PROBLEM,PRODUCT;#F6F1E8/#20201E/#D85C4A
organizacja domu krok po kroku;Organizacja domu;Long-tail;Informacyjna;9;9;7;3;7.9;P3;https://pl.pinterest.com/search/pins/?q=organizacja%20domu%20krok%20po%20kroku;https://pl.pinterest.com/poludnica1/organizacja-domu/;DOMOWY RESET;Clean editorial;L01,L02,L06;LISTA,PROBLEM,PRODUCT;#F6F1E8/#20201E/#D85C4A
organizacja domu małym kosztem;Organizacja domu;Long-tail;Informacyjna;10;9;7;3;8.25;P2;https://pl.pinterest.com/search/pins/?q=organizacja%20domu%20ma%C5%82ym%20kosztem;https://pl.pinterest.com/poludnica1/organizacja-domu/;DOMOWY RESET;Clean editorial;L01,L02,L06;LISTA,PROBLEM,PRODUCT;#F6F1E8/#20201E/#D85C4A
organizacja domu minimalistyczna;Organizacja domu;Core;Informacyjna;9;9;7;3;7.9;P3;https://pl.pinterest.com/search/pins/?q=organizacja%20domu%20minimalistyczna;https://pl.pinterest.com/poludnica1/organizacja-domu/;DOMOWY RESET;Clean editorial;L01,L02,L06;LISTA,PROBLEM,PRODUCT;#F6F1E8/#20201E/#D85C4A
organizacja domu dla początkujących;Organizacja domu;Long-tail;Informacyjna;9;9;7;3;7.9;P3;https://pl.pinterest.com/search/pins/?q=organizacja%20domu%20dla%20pocz%C4%85tkuj%C4%85cych;https://pl.pinterest.com/poludnica1/organizacja-domu/;DOMOWY RESET;Clean editorial;L01,L02,L06;LISTA,PROBLEM,PRODUCT;#F6F1E8/#20201E/#D85C4A
system organizacji domu;Organizacja domu;Core;Informacyjna;9;9;7;3;7.9;P3;https://pl.pinterest.com/search/pins/?q=system%20organizacji%20domu;https://pl.pinterest.com/poludnica1/organizacja-domu/;DOMOWY RESET;Clean editorial;L01,L02,L06;LISTA,PROBLEM,PRODUCT;#F6F1E8/#20201E/#D85C4A
plan organizacji domu;Organizacja domu;Core;Informacyjna;9;9;7;3;7.9;P3;https://pl.pinterest.com/search/pins/?q=plan%20organizacji%20domu;https://pl.pinterest.com/poludnica1/organizacja-domu/;DOMOWY RESET;Clean editorial;L01,L02,L06;LISTA,PROBLEM,PRODUCT;#F6F1E8/#20201E/#D85C4A
strefy w domu;Organizacja domu;Core;Informacyjna;9;9;7;3;7.9;P3;https://pl.pinterest.com/search/pins/?q=strefy%20w%20domu;https://pl.pinterest.com/poludnica1/organizacja-domu/;DOMOWY RESET;Clean editorial;L01,L02,L06;LISTA,PROBLEM,PRODUCT;#F6F1E8/#20201E/#D85C4A
organizacja rzeczy w domu;Organizacja domu;Long-tail;Informacyjna;9;9;7;3;7.9;P3;https://pl.pinterest.com/search/pins/?q=organizacja%20rzeczy%20w%20domu;https://pl.pinterest.com/poludnica1/organizacja-domu/;DOMOWY RESET;Clean editorial;L01,L02,L06;LISTA,PROBLEM,PRODUCT;#F6F1E8/#20201E/#D85C4A
organizacja przedpokoju;Organizacja domu;Core;Informacyjna;9;9;7;3;7.9;P3;https://pl.pinterest.com/search/pins/?q=organizacja%20przedpokoju;https://pl.pinterest.com/poludnica1/organizacja-domu/;DOMOWY RESET;Clean editorial;L01,L02,L06;LISTA,PROBLEM,PRODUCT;#F6F1E8/#20201E/#D85C4A
organizacja wejścia do domu;Organizacja domu;Long-tail;Informacyjna;9;9;7;3;7.9;P3;https://pl.pinterest.com/search/pins/?q=organizacja%20wej%C5%9Bcia%20do%20domu;https://pl.pinterest.com/poludnica1/organizacja-domu/;DOMOWY RESET;Clean editorial;L01,L02,L06;LISTA,PROBLEM,PRODUCT;#F6F1E8/#20201E/#D85C4A
organizacja korytarza;Organizacja domu;Core;Informacyjna;9;9;7;3;7.9;P3;https://pl.pinterest.com/search/pins/?q=organizacja%20korytarza;https://pl.pinterest.com/poludnica1/organizacja-domu/;DOMOWY RESET;Clean editorial;L01,L02,L06;LISTA,PROBLEM,PRODUCT;#F6F1E8/#20201E/#D85C4A
organizacja schowka;Organizacja domu;Core;Informacyjna;9;9;7;3;7.9;P3;https://pl.pinterest.com/search/pins/?q=organizacja%20schowka;https://pl.pinterest.com/poludnica1/organizacja-domu/;DOMOWY RESET;Clean editorial;L01,L02,L06;LISTA,PROBLEM,PRODUCT;#F6F1E8/#20201E/#D85C4A
organizacja spiżarni;Organizacja domu;Core;Informacyjna;9;9;7;3;7.9;P3;https://pl.pinterest.com/search/pins/?q=organizacja%20spi%C5%BCarni;https://pl.pinterest.com/poludnica1/organizacja-domu/;DOMOWY RESET;Clean editorial;L01,L02,L06;LISTA,PROBLEM,PRODUCT;#F6F1E8/#20201E/#D85C4A
organizacja pralni;Organizacja domu;Core;Informacyjna;9;9;7;3;7.9;P3;https://pl.pinterest.com/search/pins/?q=organizacja%20pralni;https://pl.pinterest.com/poludnica1/organizacja-domu/;DOMOWY RESET;Clean editorial;L01,L02,L06;LISTA,PROBLEM,PRODUCT;#F6F1E8/#20201E/#D85C4A
organizacja garażu;Organizacja domu;Core;Informacyjna;9;9;7;3;7.9;P3;https://pl.pinterest.com/search/pins/?q=organizacja%20gara%C5%BCu;https://pl.pinterest.com/poludnica1/organizacja-domu/;DOMOWY RESET;Clean editorial;L01,L02,L06;LISTA,PROBLEM,PRODUCT;#F6F1E8/#20201E/#D85C4A
organizacja piwnicy;Organizacja domu;Core;Informacyjna;9;9;7;3;7.9;P3;https://pl.pinterest.com/search/pins/?q=organizacja%20piwnicy;https://pl.pinterest.com/poludnica1/organizacja-domu/;DOMOWY RESET;Clean editorial;L01,L02,L06;LISTA,PROBLEM,PRODUCT;#F6F1E8/#20201E/#D85C4A
organizacja pawlacza;Organizacja domu;Core;Informacyjna;9;9;7;3;7.9;P3;https://pl.pinterest.com/search/pins/?q=organizacja%20pawlacza;https://pl.pinterest.com/poludnica1/organizacja-domu/;DOMOWY RESET;Clean editorial;L01,L02,L06;LISTA,PROBLEM,PRODUCT;#F6F1E8/#20201E/#D85C4A
organizacja szuflad;Organizacja domu;Core;Informacyjna;9;9;7;3;7.9;P3;https://pl.pinterest.com/search/pins/?q=organizacja%20szuflad;https://pl.pinterest.com/poludnica1/organizacja-domu/;DOMOWY RESET;Clean editorial;L01,L02,L06;LISTA,PROBLEM,PRODUCT;#F6F1E8/#20201E/#D85C4A
organizacja półek;Organizacja domu;Core;Informacyjna;9;9;7;3;7.9;P3;https://pl.pinterest.com/search/pins/?q=organizacja%20p%C3%B3%C5%82ek;https://pl.pinterest.com/poludnica1/organizacja-domu/;DOMOWY RESET;Clean editorial;L01,L02,L06;LISTA,PROBLEM,PRODUCT;#F6F1E8/#20201E/#D85C4A
organizacja komody;Organizacja domu;Core;Informacyjna;9;9;7;3;7.9;P3;https://pl.pinterest.com/search/pins/?q=organizacja%20komody;https://pl.pinterest.com/poludnica1/organizacja-domu/;DOMOWY RESET;Clean editorial;L01,L02,L06;LISTA,PROBLEM,PRODUCT;#F6F1E8/#20201E/#D85C4A
organizacja szafek;Organizacja domu;Core;Informacyjna;9;9;7;3;7.9;P3;https://pl.pinterest.com/search/pins/?q=organizacja%20szafek;https://pl.pinterest.com/poludnica1/organizacja-domu/;DOMOWY RESET;Clean editorial;L01,L02,L06;LISTA,PROBLEM,PRODUCT;#F6F1E8/#20201E/#D85C4A
organizacja rzeczy sezonowych;Organizacja domu;Core;Informacyjna;9;9;7;3;7.9;P3;https://pl.pinterest.com/search/pins/?q=organizacja%20rzeczy%20sezonowych;https://pl.pinterest.com/poludnica1/organizacja-domu/;DOMOWY RESET;Clean editorial;L01,L02,L06;LISTA,PROBLEM,PRODUCT;#F6F1E8/#20201E/#D85C4A
organizacja dokumentów w domu;Organizacja domu;Long-tail;Informacyjna;9;9;7;3;7.9;P3;https://pl.pinterest.com/search/pins/?q=organizacja%20dokument%C3%B3w%20w%20domu;https://pl.pinterest.com/poludnica1/organizacja-domu/;DOMOWY RESET;Clean editorial;L01,L02,L06;LISTA,PROBLEM,PRODUCT;#F6F1E8/#20201E/#D85C4A
organizacja papierów;Organizacja domu;Core;Informacyjna;9;9;7;3;7.9;P3;https://pl.pinterest.com/search/pins/?q=organizacja%20papier%C3%B3w;https://pl.pinterest.com/poludnica1/organizacja-domu/;DOMOWY RESET;Clean editorial;L01,L02,L06;LISTA,PROBLEM,PRODUCT;#F6F1E8/#20201E/#D85C4A
organizacja kabli w domu;Organizacja domu;Long-tail;Informacyjna;9;9;7;3;7.9;P3;https://pl.pinterest.com/search/pins/?q=organizacja%20kabli%20w%20domu;https://pl.pinterest.com/poludnica1/organizacja-domu/;DOMOWY RESET;Clean editorial;L01,L02,L06;LISTA,PROBLEM,PRODUCT;#F6F1E8/#20201E/#D85C4A
organizacja zabawek;Organizacja domu;Core;Informacyjna;9;9;7;3;7.9;P3;https://pl.pinterest.com/search/pins/?q=organizacja%20zabawek;https://pl.pinterest.com/poludnica1/organizacja-domu/;DOMOWY RESET;Clean editorial;L01,L02,L06;LISTA,PROBLEM,PRODUCT;#F6F1E8/#20201E/#D85C4A
organizacja domu z dziećmi;Organizacja domu;Long-tail;Informacyjna;9;9;7;3;7.9;P3;https://pl.pinterest.com/search/pins/?q=organizacja%20domu%20z%20dzie%C4%87mi;https://pl.pinterest.com/poludnica1/organizacja-domu/;DOMOWY RESET;Clean editorial;L01,L02,L06;LISTA,PROBLEM,PRODUCT;#F6F1E8/#20201E/#D85C4A
organizacja domu dla rodziny;Organizacja domu;Long-tail;Informacyjna;9;9;7;3;7.9;P3;https://pl.pinterest.com/search/pins/?q=organizacja%20domu%20dla%20rodziny;https://pl.pinterest.com/poludnica1/organizacja-domu/;DOMOWY RESET;Clean editorial;L01,L02,L06;LISTA,PROBLEM,PRODUCT;#F6F1E8/#20201E/#D85C4A
organizacja małej przestrzeni;Organizacja domu;Core;Informacyjna;10;9;7;3;8.25;P2;https://pl.pinterest.com/search/pins/?q=organizacja%20ma%C5%82ej%20przestrzeni;https://pl.pinterest.com/poludnica1/organizacja-domu/;DOMOWY RESET;Clean editorial;L01,L02,L06;LISTA,PROBLEM,PRODUCT;#F6F1E8/#20201E/#D85C4A
porządek w domu;Organizacja domu;Core;Informacyjna;9;9;7;3;7.9;P3;https://pl.pinterest.com/search/pins/?q=porz%C4%85dek%20w%20domu;https://pl.pinterest.com/poludnica1/organizacja-domu/;DOMOWY RESET;Clean editorial;L01,L02,L06;LISTA,PROBLEM,PRODUCT;#F6F1E8/#20201E/#D85C4A
jak utrzymać porządek w domu;Organizacja domu;Long-tail;Informacyjna;9;9;7;3;7.9;P3;https://pl.pinterest.com/search/pins/?q=jak%20utrzyma%C4%87%20porz%C4%85dek%20w%20domu;https://pl.pinterest.com/poludnica1/organizacja-domu/;DOMOWY RESET;Clean editorial;L01,L02,L06;LISTA,PROBLEM,PRODUCT;#F6F1E8/#20201E/#D85C4A
rutyna organizacji domu;Organizacja domu;Core;Informacyjna;9;9;7;3;7.9;P3;https://pl.pinterest.com/search/pins/?q=rutyna%20organizacji%20domu;https://pl.pinterest.com/poludnica1/organizacja-domu/;DOMOWY RESET;Clean editorial;L01,L02,L06;LISTA,PROBLEM,PRODUCT;#F6F1E8/#20201E/#D85C4A
weekend reset domu;Organizacja domu;Core;Informacyjna;9;9;7;3;7.9;P3;https://pl.pinterest.com/search/pins/?q=weekend%20reset%20domu;https://pl.pinterest.com/poludnica1/organizacja-domu/;DOMOWY RESET;Clean editorial;L01,L02,L06;LISTA,PROBLEM,PRODUCT;#F6F1E8/#20201E/#D85C4A
home reset po polsku;Organizacja domu;Long-tail;Informacyjna;9;9;7;3;7.9;P3;https://pl.pinterest.com/search/pins/?q=home%20reset%20po%20polsku;https://pl.pinterest.com/poludnica1/organizacja-domu/;DOMOWY RESET;Clean editorial;L01,L02,L06;LISTA,PROBLEM,PRODUCT;#F6F1E8/#20201E/#D85C4A
metamorfoza organizacji domu;Organizacja domu;Core;Informacyjna;9;9;7;3;7.9;P3;https://pl.pinterest.com/search/pins/?q=metamorfoza%20organizacji%20domu;https://pl.pinterest.com/poludnica1/organizacja-domu/;DOMOWY RESET;Clean editorial;L01,L02,L06;LISTA,PROBLEM,PRODUCT;#F6F1E8/#20201E/#D85C4A
organizacja kuchni;Organizacja kuchni;Core;Informacyjna;9;10;8;3;8.45;P2;https://pl.pinterest.com/search/pins/?q=organizacja%20kuchni;https://pl.pinterest.com/ewa0635/organizacja-kuchni/;DOMOWY RESET;Clean editorial;L01,L02,L06;LISTA,PROBLEM,PRODUCT;#F6F1E8/#20201E/#D85C4A
organizacja małej kuchni;Organizacja kuchni;Core;Informacyjna;10;10;8;3;8.8;P1;https://pl.pinterest.com/search/pins/?q=organizacja%20ma%C5%82ej%20kuchni;https://pl.pinterest.com/ewa0635/organizacja-kuchni/;DOMOWY RESET;Clean editorial;L01,L02,L06;LISTA,PROBLEM,PRODUCT;#F6F1E8/#20201E/#D85C4A
organizacja szafek kuchennych;Organizacja kuchni;Core;Informacyjna;9;10;8;3;8.45;P2;https://pl.pinterest.com/search/pins/?q=organizacja%20szafek%20kuchennych;https://pl.pinterest.com/ewa0635/organizacja-kuchni/;DOMOWY RESET;Clean editorial;L01,L02,L06;LISTA,PROBLEM,PRODUCT;#F6F1E8/#20201E/#D85C4A
organizacja szuflad kuchennych;Organizacja kuchni;Core;Informacyjna;9;10;8;3;8.45;P2;https://pl.pinterest.com/search/pins/?q=organizacja%20szuflad%20kuchennych;https://pl.pinterest.com/ewa0635/organizacja-kuchni/;DOMOWY RESET;Clean editorial;L01,L02,L06;LISTA,PROBLEM,PRODUCT;#F6F1E8/#20201E/#D85C4A
organizacja blatu kuchennego;Organizacja kuchni;Core;Informacyjna;9;10;8;3;8.45;P2;https://pl.pinterest.com/search/pins/?q=organizacja%20blatu%20kuchennego;https://pl.pinterest.com/ewa0635/organizacja-kuchni/;DOMOWY RESET;Clean editorial;L01,L02,L06;LISTA,PROBLEM,PRODUCT;#F6F1E8/#20201E/#D85C4A
organizacja spiżarni w kuchni;Organizacja kuchni;Long-tail;Informacyjna;9;10;8;3;8.45;P2;https://pl.pinterest.com/search/pins/?q=organizacja%20spi%C5%BCarni%20w%20kuchni;https://pl.pinterest.com/ewa0635/organizacja-kuchni/;DOMOWY RESET;Clean editorial;L01,L02,L06;LISTA,PROBLEM,PRODUCT;#F6F1E8/#20201E/#D85C4A
organizacja lodówki;Organizacja kuchni;Core;Informacyjna;9;10;8;3;8.45;P2;https://pl.pinterest.com/search/pins/?q=organizacja%20lod%C3%B3wki;https://pl.pinterest.com/ewa0635/organizacja-kuchni/;DOMOWY RESET;Clean editorial;L01,L02,L06;LISTA,PROBLEM,PRODUCT;#F6F1E8/#20201E/#D85C4A
organizacja zamrażarki;Organizacja kuchni;Core;Informacyjna;9;10;8;3;8.45;P2;https://pl.pinterest.com/search/pins/?q=organizacja%20zamra%C5%BCarki;https://pl.pinterest.com/ewa0635/organizacja-kuchni/;DOMOWY RESET;Clean editorial;L01,L02,L06;LISTA,PROBLEM,PRODUCT;#F6F1E8/#20201E/#D85C4A
organizacja przypraw;Organizacja kuchni;Core;Informacyjna;9;10;8;3;8.45;P2;https://pl.pinterest.com/search/pins/?q=organizacja%20przypraw;https://pl.pinterest.com/ewa0635/organizacja-kuchni/;DOMOWY RESET;Clean editorial;L01,L02,L06;LISTA,PROBLEM,PRODUCT;#F6F1E8/#20201E/#D85C4A
organizacja garnków;Organizacja kuchni;Core;Informacyjna;9;10;8;3;8.45;P2;https://pl.pinterest.com/search/pins/?q=organizacja%20garnk%C3%B3w;https://pl.pinterest.com/ewa0635/organizacja-kuchni/;DOMOWY RESET;Clean editorial;L01,L02,L06;LISTA,PROBLEM,PRODUCT;#F6F1E8/#20201E/#D85C4A
organizacja pokrywek;Organizacja kuchni;Core;Informacyjna;9;10;8;3;8.45;P2;https://pl.pinterest.com/search/pins/?q=organizacja%20pokrywek;https://pl.pinterest.com/ewa0635/organizacja-kuchni/;DOMOWY RESET;Clean editorial;L01,L02,L06;LISTA,PROBLEM,PRODUCT;#F6F1E8/#20201E/#D85C4A
organizacja patelni;Organizacja kuchni;Core;Informacyjna;9;10;8;3;8.45;P2;https://pl.pinterest.com/search/pins/?q=organizacja%20patelni;https://pl.pinterest.com/ewa0635/organizacja-kuchni/;DOMOWY RESET;Clean editorial;L01,L02,L06;LISTA,PROBLEM,PRODUCT;#F6F1E8/#20201E/#D85C4A
organizacja desek do krojenia;Organizacja kuchni;Long-tail;Informacyjna;9;10;8;3;8.45;P2;https://pl.pinterest.com/search/pins/?q=organizacja%20desek%20do%20krojenia;https://pl.pinterest.com/ewa0635/organizacja-kuchni/;DOMOWY RESET;Clean editorial;L01,L02,L06;LISTA,PROBLEM,PRODUCT;#F6F1E8/#20201E/#D85C4A
organizacja kubków;Organizacja kuchni;Core;Informacyjna;9;10;8;3;8.45;P2;https://pl.pinterest.com/search/pins/?q=organizacja%20kubk%C3%B3w;https://pl.pinterest.com/ewa0635/organizacja-kuchni/;DOMOWY RESET;Clean editorial;L01,L02,L06;LISTA,PROBLEM,PRODUCT;#F6F1E8/#20201E/#D85C4A
organizacja talerzy;Organizacja kuchni;Core;Informacyjna;9;10;8;3;8.45;P2;https://pl.pinterest.com/search/pins/?q=organizacja%20talerzy;https://pl.pinterest.com/ewa0635/organizacja-kuchni/;DOMOWY RESET;Clean editorial;L01,L02,L06;LISTA,PROBLEM,PRODUCT;#F6F1E8/#20201E/#D85C4A
organizacja sztućców;Organizacja kuchni;Core;Informacyjna;9;10;8;3;8.45;P2;https://pl.pinterest.com/search/pins/?q=organizacja%20sztu%C4%87c%C3%B3w;https://pl.pinterest.com/ewa0635/organizacja-kuchni/;DOMOWY RESET;Clean editorial;L01,L02,L06;LISTA,PROBLEM,PRODUCT;#F6F1E8/#20201E/#D85C4A
organizacja produktów spożywczych;Organizacja kuchni;Core;Informacyjna;9;10;8;3;8.45;P2;https://pl.pinterest.com/search/pins/?q=organizacja%20produkt%C3%B3w%20spo%C5%BCywczych;https://pl.pinterest.com/ewa0635/organizacja-kuchni/;DOMOWY RESET;Clean editorial;L01,L02,L06;LISTA,PROBLEM,PRODUCT;#F6F1E8/#20201E/#D85C4A
organizacja szafki pod zlewem;Organizacja kuchni;Long-tail;Informacyjna;9;10;8;3;8.45;P2;https://pl.pinterest.com/search/pins/?q=organizacja%20szafki%20pod%20zlewem;https://pl.pinterest.com/ewa0635/organizacja-kuchni/;DOMOWY RESET;Clean editorial;L01,L02,L06;LISTA,PROBLEM,PRODUCT;#F6F1E8/#20201E/#D85C4A
organizacja szafki narożnej;Organizacja kuchni;Core;Informacyjna;9;10;8;3;8.45;P2;https://pl.pinterest.com/search/pins/?q=organizacja%20szafki%20naro%C5%BCnej;https://pl.pinterest.com/ewa0635/organizacja-kuchni/;DOMOWY RESET;Clean editorial;L01,L02,L06;LISTA,PROBLEM,PRODUCT;#F6F1E8/#20201E/#D85C4A
organizacja wysokiej szafki kuchennej;Organizacja kuchni;Long-tail;Informacyjna;9;10;8;3;8.45;P2;https://pl.pinterest.com/search/pins/?q=organizacja%20wysokiej%20szafki%20kuchennej;https://pl.pinterest.com/ewa0635/organizacja-kuchni/;DOMOWY RESET;Clean editorial;L01,L02,L06;LISTA,PROBLEM,PRODUCT;#F6F1E8/#20201E/#D85C4A
organizacja małej szafki kuchennej;Organizacja kuchni;Long-tail;Informacyjna;10;10;8;3;8.8;P1;https://pl.pinterest.com/search/pins/?q=organizacja%20ma%C5%82ej%20szafki%20kuchennej;https://pl.pinterest.com/ewa0635/organizacja-kuchni/;DOMOWY RESET;Clean editorial;L01,L02,L06;LISTA,PROBLEM,PRODUCT;#F6F1E8/#20201E/#D85C4A
pomysły na organizację kuchni;Organizacja kuchni;Long-tail;Informacyjna;9;10;8;3;8.45;P2;https://pl.pinterest.com/search/pins/?q=pomys%C5%82y%20na%20organizacj%C4%99%20kuchni;https://pl.pinterest.com/ewa0635/organizacja-kuchni/;DOMOWY RESET;Clean editorial;L01,L02,L06;LISTA,PROBLEM,PRODUCT;#F6F1E8/#20201E/#D85C4A
kuchnia organizacja inspiracje;Organizacja kuchni;Core;Informacyjna;9;10;8;3;8.45;P2;https://pl.pinterest.com/search/pins/?q=kuchnia%20organizacja%20inspiracje;https://pl.pinterest.com/ewa0635/organizacja-kuchni/;DOMOWY RESET;Clean editorial;L01,L02,L06;LISTA,PROBLEM,PRODUCT;#F6F1E8/#20201E/#D85C4A
organizacja kuchni małym kosztem;Organizacja kuchni;Long-tail;Informacyjna;10;10;8;3;8.8;P1;https://pl.pinterest.com/search/pins/?q=organizacja%20kuchni%20ma%C5%82ym%20kosztem;https://pl.pinterest.com/ewa0635/organizacja-kuchni/;DOMOWY RESET;Clean editorial;L01,L02,L06;LISTA,PROBLEM,PRODUCT;#F6F1E8/#20201E/#D85C4A
jak uporządkować kuchnię;Organizacja kuchni;Core;Informacyjna;9;10;8;3;8.45;P2;https://pl.pinterest.com/search/pins/?q=jak%20uporz%C4%85dkowa%C4%87%20kuchni%C4%99;https://pl.pinterest.com/ewa0635/organizacja-kuchni/;DOMOWY RESET;Clean editorial;L01,L02,L06;LISTA,PROBLEM,PRODUCT;#F6F1E8/#20201E/#D85C4A
jak zorganizować kuchnię;Organizacja kuchni;Core;Informacyjna;9;10;8;3;8.45;P2;https://pl.pinterest.com/search/pins/?q=jak%20zorganizowa%C4%87%20kuchni%C4%99;https://pl.pinterest.com/ewa0635/organizacja-kuchni/;DOMOWY RESET;Clean editorial;L01,L02,L06;LISTA,PROBLEM,PRODUCT;#F6F1E8/#20201E/#D85C4A
organizery do kuchni;Organizacja kuchni;Long-tail;Komercyjna;9;10;9;3;8.7;P2;https://pl.pinterest.com/search/pins/?q=organizery%20do%20kuchni;https://pl.pinterest.com/ewa0635/organizacja-kuchni/;DOMOWY RESET;Clean editorial;L01,L02,L06;LISTA,PROBLEM,PRODUCT;#F6F1E8/#20201E/#D85C4A
pojemniki do kuchni;Organizacja kuchni;Long-tail;Komercyjna;9;10;9;3;8.7;P2;https://pl.pinterest.com/search/pins/?q=pojemniki%20do%20kuchni;https://pl.pinterest.com/ewa0635/organizacja-kuchni/;DOMOWY RESET;Clean editorial;L01,L02,L06;LISTA,PROBLEM,PRODUCT;#F6F1E8/#20201E/#D85C4A
półki do szafek kuchennych;Organizacja kuchni;Long-tail;Komercyjna;9;10;9;3;8.7;P2;https://pl.pinterest.com/search/pins/?q=p%C3%B3%C5%82ki%20do%20szafek%20kuchennych;https://pl.pinterest.com/ewa0635/organizacja-kuchni/;DOMOWY RESET;Clean editorial;L01,L02,L06;LISTA,PROBLEM,PRODUCT;#F6F1E8/#20201E/#D85C4A
koszyki do kuchni;Organizacja kuchni;Core;Informacyjna;9;10;8;3;8.45;P2;https://pl.pinterest.com/search/pins/?q=koszyki%20do%20kuchni;https://pl.pinterest.com/ewa0635/organizacja-kuchni/;DOMOWY RESET;Clean editorial;L01,L02,L06;LISTA,PROBLEM,PRODUCT;#F6F1E8/#20201E/#D85C4A
stojak na pokrywki;Organizacja kuchni;Core;Hybrydowa;9;10;8;3;8.45;P2;https://pl.pinterest.com/search/pins/?q=stojak%20na%20pokrywki;https://pl.pinterest.com/ewa0635/organizacja-kuchni/;DOMOWY RESET;Clean editorial;L01,L02,L06;LISTA,PROBLEM,PRODUCT;#F6F1E8/#20201E/#D85C4A
organizer na przyprawy;Organizacja kuchni;Long-tail;Komercyjna;9;10;9;3;8.7;P2;https://pl.pinterest.com/search/pins/?q=organizer%20na%20przyprawy;https://pl.pinterest.com/ewa0635/organizacja-kuchni/;DOMOWY RESET;Clean editorial;L01,L02,L06;LISTA,PROBLEM,PRODUCT;#F6F1E8/#20201E/#D85C4A
organizer do szuflady kuchennej;Organizacja kuchni;Long-tail;Komercyjna;9;10;9;3;8.7;P2;https://pl.pinterest.com/search/pins/?q=organizer%20do%20szuflady%20kuchennej;https://pl.pinterest.com/ewa0635/organizacja-kuchni/;DOMOWY RESET;Clean editorial;L01,L02,L06;LISTA,PROBLEM,PRODUCT;#F6F1E8/#20201E/#D85C4A
organizer pod zlew;Organizacja kuchni;Long-tail;Komercyjna;9;10;9;3;8.7;P2;https://pl.pinterest.com/search/pins/?q=organizer%20pod%20zlew;https://pl.pinterest.com/ewa0635/organizacja-kuchni/;DOMOWY RESET;Clean editorial;L01,L02,L06;LISTA,PROBLEM,PRODUCT;#F6F1E8/#20201E/#D85C4A
pojemniki na żywność;Organizacja kuchni;Long-tail;Komercyjna;9;10;9;3;8.7;P2;https://pl.pinterest.com/search/pins/?q=pojemniki%20na%20%C5%BCywno%C5%9B%C4%87;https://pl.pinterest.com/ewa0635/organizacja-kuchni/;DOMOWY RESET;Clean editorial;L01,L02,L06;LISTA,PROBLEM,PRODUCT;#F6F1E8/#20201E/#D85C4A
organizacja lodówki pomysły;Organizacja kuchni;Core;Informacyjna;9;10;8;3;8.45;P2;https://pl.pinterest.com/search/pins/?q=organizacja%20lod%C3%B3wki%20pomys%C5%82y;https://pl.pinterest.com/ewa0635/organizacja-kuchni/;DOMOWY RESET;Clean editorial;L01,L02,L06;LISTA,PROBLEM,PRODUCT;#F6F1E8/#20201E/#D85C4A
organizacja małej spiżarni;Organizacja kuchni;Core;Informacyjna;10;10;8;3;8.8;P1;https://pl.pinterest.com/search/pins/?q=organizacja%20ma%C5%82ej%20spi%C5%BCarni;https://pl.pinterest.com/ewa0635/organizacja-kuchni/;DOMOWY RESET;Clean editorial;L01,L02,L06;LISTA,PROBLEM,PRODUCT;#F6F1E8/#20201E/#D85C4A
organizacja kuchni w bloku;Organizacja kuchni;Long-tail;Informacyjna;9;10;8;3;8.45;P2;https://pl.pinterest.com/search/pins/?q=organizacja%20kuchni%20w%20bloku;https://pl.pinterest.com/ewa0635/organizacja-kuchni/;DOMOWY RESET;Clean editorial;L01,L02,L06;LISTA,PROBLEM,PRODUCT;#F6F1E8/#20201E/#D85C4A
funkcjonalna mała kuchnia;Organizacja kuchni;Core;Informacyjna;10;10;8;3;8.8;P1;https://pl.pinterest.com/search/pins/?q=funkcjonalna%20ma%C5%82a%20kuchnia;https://pl.pinterest.com/ewa0635/organizacja-kuchni/;DOMOWY RESET;Clean editorial;L01,L02,L06;LISTA,PROBLEM,PRODUCT;#F6F1E8/#20201E/#D85C4A
praktyczna organizacja kuchni;Organizacja kuchni;Core;Informacyjna;9;10;8;3;8.45;P2;https://pl.pinterest.com/search/pins/?q=praktyczna%20organizacja%20kuchni;https://pl.pinterest.com/ewa0635/organizacja-kuchni/;DOMOWY RESET;Clean editorial;L01,L02,L06;LISTA,PROBLEM,PRODUCT;#F6F1E8/#20201E/#D85C4A
kuchnia bez bałaganu;Organizacja kuchni;Core;Informacyjna;9;10;8;3;8.45;P2;https://pl.pinterest.com/search/pins/?q=kuchnia%20bez%20ba%C5%82aganu;https://pl.pinterest.com/ewa0635/organizacja-kuchni/;DOMOWY RESET;Clean editorial;L01,L02,L06;LISTA,PROBLEM,PRODUCT;#F6F1E8/#20201E/#D85C4A
organizacja szafy;Organizacja szafy i garderoby;Core;Informacyjna;9;10;8;3;8.45;P2;https://pl.pinterest.com/search/pins/?q=organizacja%20szafy;https://pl.pinterest.com/szponarska/organizacja-szafy/;DOMOWY RESET;Clean editorial;L01,L02,L06;LISTA,PROBLEM,PRODUCT;#F6F1E8/#20201E/#D85C4A
organizacja garderoby;Organizacja szafy i garderoby;Core;Informacyjna;9;10;8;3;8.45;P2;https://pl.pinterest.com/search/pins/?q=organizacja%20garderoby;https://pl.pinterest.com/szponarska/organizacja-szafy/;DOMOWY RESET;Clean editorial;L01,L02,L06;LISTA,PROBLEM,PRODUCT;#F6F1E8/#20201E/#D85C4A
organizacja małej szafy;Organizacja szafy i garderoby;Core;Informacyjna;10;10;8;3;8.8;P1;https://pl.pinterest.com/search/pins/?q=organizacja%20ma%C5%82ej%20szafy;https://pl.pinterest.com/szponarska/organizacja-szafy/;DOMOWY RESET;Clean editorial;L01,L02,L06;LISTA,PROBLEM,PRODUCT;#F6F1E8/#20201E/#D85C4A
organizacja szafy inspiracje;Organizacja szafy i garderoby;Core;Informacyjna;9;10;8;3;8.45;P2;https://pl.pinterest.com/search/pins/?q=organizacja%20szafy%20inspiracje;https://pl.pinterest.com/szponarska/organizacja-szafy/;DOMOWY RESET;Clean editorial;L01,L02,L06;LISTA,PROBLEM,PRODUCT;#F6F1E8/#20201E/#D85C4A
jak zorganizować szafę;Organizacja szafy i garderoby;Core;Informacyjna;9;10;8;3;8.45;P2;https://pl.pinterest.com/search/pins/?q=jak%20zorganizowa%C4%87%20szaf%C4%99;https://pl.pinterest.com/szponarska/organizacja-szafy/;DOMOWY RESET;Clean editorial;L01,L02,L06;LISTA,PROBLEM,PRODUCT;#F6F1E8/#20201E/#D85C4A
jak uporządkować szafę;Organizacja szafy i garderoby;Core;Informacyjna;9;10;8;3;8.45;P2;https://pl.pinterest.com/search/pins/?q=jak%20uporz%C4%85dkowa%C4%87%20szaf%C4%99;https://pl.pinterest.com/szponarska/organizacja-szafy/;DOMOWY RESET;Clean editorial;L01,L02,L06;LISTA,PROBLEM,PRODUCT;#F6F1E8/#20201E/#D85C4A
organizacja ubrań;Organizacja szafy i garderoby;Core;Informacyjna;9;10;8;3;8.45;P2;https://pl.pinterest.com/search/pins/?q=organizacja%20ubra%C5%84;https://pl.pinterest.com/szponarska/organizacja-szafy/;DOMOWY RESET;Clean editorial;L01,L02,L06;LISTA,PROBLEM,PRODUCT;#F6F1E8/#20201E/#D85C4A
organizacja butów;Organizacja szafy i garderoby;Core;Informacyjna;9;10;8;3;8.45;P2;https://pl.pinterest.com/search/pins/?q=organizacja%20but%C3%B3w;https://pl.pinterest.com/szponarska/organizacja-szafy/;DOMOWY RESET;Clean editorial;L01,L02,L06;LISTA,PROBLEM,PRODUCT;#F6F1E8/#20201E/#D85C4A
organizacja bielizny;Organizacja szafy i garderoby;Core;Informacyjna;9;10;8;3;8.45;P2;https://pl.pinterest.com/search/pins/?q=organizacja%20bielizny;https://pl.pinterest.com/szponarska/organizacja-szafy/;DOMOWY RESET;Clean editorial;L01,L02,L06;LISTA,PROBLEM,PRODUCT;#F6F1E8/#20201E/#D85C4A
organizacja akcesoriów;Organizacja szafy i garderoby;Core;Informacyjna;9;10;8;3;8.45;P2;https://pl.pinterest.com/search/pins/?q=organizacja%20akcesori%C3%B3w;https://pl.pinterest.com/szponarska/organizacja-szafy/;DOMOWY RESET;Clean editorial;L01,L02,L06;LISTA,PROBLEM,PRODUCT;#F6F1E8/#20201E/#D85C4A
organizacja pasków;Organizacja szafy i garderoby;Core;Informacyjna;9;10;8;3;8.45;P2;https://pl.pinterest.com/search/pins/?q=organizacja%20pask%C3%B3w;https://pl.pinterest.com/szponarska/organizacja-szafy/;DOMOWY RESET;Clean editorial;L01,L02,L06;LISTA,PROBLEM,PRODUCT;#F6F1E8/#20201E/#D85C4A
organizacja torebek;Organizacja szafy i garderoby;Core;Informacyjna;9;10;8;3;8.45;P2;https://pl.pinterest.com/search/pins/?q=organizacja%20torebek;https://pl.pinterest.com/szponarska/organizacja-szafy/;DOMOWY RESET;Clean editorial;L01,L02,L06;LISTA,PROBLEM,PRODUCT;#F6F1E8/#20201E/#D85C4A
organizacja szuflad w szafie;Organizacja szafy i garderoby;Long-tail;Informacyjna;9;10;8;3;8.45;P2;https://pl.pinterest.com/search/pins/?q=organizacja%20szuflad%20w%20szafie;https://pl.pinterest.com/szponarska/organizacja-szafy/;DOMOWY RESET;Clean editorial;L01,L02,L06;LISTA,PROBLEM,PRODUCT;#F6F1E8/#20201E/#D85C4A
organizacja półek w szafie;Organizacja szafy i garderoby;Long-tail;Informacyjna;9;10;8;3;8.45;P2;https://pl.pinterest.com/search/pins/?q=organizacja%20p%C3%B3%C5%82ek%20w%20szafie;https://pl.pinterest.com/szponarska/organizacja-szafy/;DOMOWY RESET;Clean editorial;L01,L02,L06;LISTA,PROBLEM,PRODUCT;#F6F1E8/#20201E/#D85C4A
organizacja garderoby małym kosztem;Organizacja szafy i garderoby;Long-tail;Informacyjna;10;10;8;3;8.8;P1;https://pl.pinterest.com/search/pins/?q=organizacja%20garderoby%20ma%C5%82ym%20kosztem;https://pl.pinterest.com/szponarska/organizacja-szafy/;DOMOWY RESET;Clean editorial;L01,L02,L06;LISTA,PROBLEM,PRODUCT;#F6F1E8/#20201E/#D85C4A
minimalistyczna garderoba;Organizacja szafy i garderoby;Core;Informacyjna;9;10;8;3;8.45;P2;https://pl.pinterest.com/search/pins/?q=minimalistyczna%20garderoba;https://pl.pinterest.com/szponarska/organizacja-szafy/;DOMOWY RESET;Clean editorial;L01,L02,L06;LISTA,PROBLEM,PRODUCT;#F6F1E8/#20201E/#D85C4A
garderoba inspiracje;Organizacja szafy i garderoby;Core;Informacyjna;9;10;8;3;8.45;P2;https://pl.pinterest.com/search/pins/?q=garderoba%20inspiracje;https://pl.pinterest.com/szponarska/organizacja-szafy/;DOMOWY RESET;Clean editorial;L01,L02,L06;LISTA,PROBLEM,PRODUCT;#F6F1E8/#20201E/#D85C4A
mała garderoba;Organizacja szafy i garderoby;Core;Informacyjna;10;10;8;3;8.8;P1;https://pl.pinterest.com/search/pins/?q=ma%C5%82a%20garderoba;https://pl.pinterest.com/szponarska/organizacja-szafy/;DOMOWY RESET;Clean editorial;L01,L02,L06;LISTA,PROBLEM,PRODUCT;#F6F1E8/#20201E/#D85C4A
mała szafa pomysły;Organizacja szafy i garderoby;Core;Informacyjna;10;10;8;3;8.8;P1;https://pl.pinterest.com/search/pins/?q=ma%C5%82a%20szafa%20pomys%C5%82y;https://pl.pinterest.com/szponarska/organizacja-szafy/;DOMOWY RESET;Clean editorial;L01,L02,L06;LISTA,PROBLEM,PRODUCT;#F6F1E8/#20201E/#D85C4A
przechowywanie ubrań;Organizacja szafy i garderoby;Core;Informacyjna;9;10;8;3;8.45;P2;https://pl.pinterest.com/search/pins/?q=przechowywanie%20ubra%C5%84;https://pl.pinterest.com/szponarska/organizacja-szafy/;DOMOWY RESET;Clean editorial;L01,L02,L06;LISTA,PROBLEM,PRODUCT;#F6F1E8/#20201E/#D85C4A
przechowywanie butów;Organizacja szafy i garderoby;Core;Informacyjna;9;10;8;3;8.45;P2;https://pl.pinterest.com/search/pins/?q=przechowywanie%20but%C3%B3w;https://pl.pinterest.com/szponarska/organizacja-szafy/;DOMOWY RESET;Clean editorial;L01,L02,L06;LISTA,PROBLEM,PRODUCT;#F6F1E8/#20201E/#D85C4A
organizery do szafy;Organizacja szafy i garderoby;Long-tail;Komercyjna;9;10;9;3;8.7;P2;https://pl.pinterest.com/search/pins/?q=organizery%20do%20szafy;https://pl.pinterest.com/szponarska/organizacja-szafy/;DOMOWY RESET;Clean editorial;L01,L02,L06;LISTA,PROBLEM,PRODUCT;#F6F1E8/#20201E/#D85C4A
organizer do szuflady w szafie;Organizacja szafy i garderoby;Long-tail;Komercyjna;9;10;9;3;8.7;P2;https://pl.pinterest.com/search/pins/?q=organizer%20do%20szuflady%20w%20szafie;https://pl.pinterest.com/szponarska/organizacja-szafy/;DOMOWY RESET;Clean editorial;L01,L02,L06;LISTA,PROBLEM,PRODUCT;#F6F1E8/#20201E/#D85C4A
pudełka do szafy;Organizacja szafy i garderoby;Core;Komercyjna;9;10;9;3;8.7;P2;https://pl.pinterest.com/search/pins/?q=pude%C5%82ka%20do%20szafy;https://pl.pinterest.com/szponarska/organizacja-szafy/;DOMOWY RESET;Clean editorial;L01,L02,L06;LISTA,PROBLEM,PRODUCT;#F6F1E8/#20201E/#D85C4A
kosze do garderoby;Organizacja szafy i garderoby;Core;Komercyjna;9;10;9;3;8.7;P2;https://pl.pinterest.com/search/pins/?q=kosze%20do%20garderoby;https://pl.pinterest.com/szponarska/organizacja-szafy/;DOMOWY RESET;Clean editorial;L01,L02,L06;LISTA,PROBLEM,PRODUCT;#F6F1E8/#20201E/#D85C4A
wieszaki do szafy;Organizacja szafy i garderoby;Core;Komercyjna;9;10;9;3;8.7;P2;https://pl.pinterest.com/search/pins/?q=wieszaki%20do%20szafy;https://pl.pinterest.com/szponarska/organizacja-szafy/;DOMOWY RESET;Clean editorial;L01,L02,L06;LISTA,PROBLEM,PRODUCT;#F6F1E8/#20201E/#D85C4A
półki do szafy;Organizacja szafy i garderoby;Long-tail;Komercyjna;9;10;9;3;8.7;P2;https://pl.pinterest.com/search/pins/?q=p%C3%B3%C5%82ki%20do%20szafy;https://pl.pinterest.com/szponarska/organizacja-szafy/;DOMOWY RESET;Clean editorial;L01,L02,L06;LISTA,PROBLEM,PRODUCT;#F6F1E8/#20201E/#D85C4A
drążek do szafy;Organizacja szafy i garderoby;Core;Informacyjna;9;10;8;3;8.45;P2;https://pl.pinterest.com/search/pins/?q=dr%C4%85%C5%BCek%20do%20szafy;https://pl.pinterest.com/szponarska/organizacja-szafy/;DOMOWY RESET;Clean editorial;L01,L02,L06;LISTA,PROBLEM,PRODUCT;#F6F1E8/#20201E/#D85C4A
organizer na bieliznę;Organizacja szafy i garderoby;Long-tail;Komercyjna;9;10;9;3;8.7;P2;https://pl.pinterest.com/search/pins/?q=organizer%20na%20bielizn%C4%99;https://pl.pinterest.com/szponarska/organizacja-szafy/;DOMOWY RESET;Clean editorial;L01,L02,L06;LISTA,PROBLEM,PRODUCT;#F6F1E8/#20201E/#D85C4A
organizer na buty;Organizacja szafy i garderoby;Long-tail;Komercyjna;9;10;9;3;8.7;P2;https://pl.pinterest.com/search/pins/?q=organizer%20na%20buty;https://pl.pinterest.com/szponarska/organizacja-szafy/;DOMOWY RESET;Clean editorial;L01,L02,L06;LISTA,PROBLEM,PRODUCT;#F6F1E8/#20201E/#D85C4A
organizer na torebki;Organizacja szafy i garderoby;Long-tail;Komercyjna;9;10;9;3;8.7;P2;https://pl.pinterest.com/search/pins/?q=organizer%20na%20torebki;https://pl.pinterest.com/szponarska/organizacja-szafy/;DOMOWY RESET;Clean editorial;L01,L02,L06;LISTA,PROBLEM,PRODUCT;#F6F1E8/#20201E/#D85C4A
jak maksymalnie wykorzystać szafę;Organizacja szafy i garderoby;Long-tail;Informacyjna;9;10;8;3;8.45;P2;https://pl.pinterest.com/search/pins/?q=jak%20maksymalnie%20wykorzysta%C4%87%20szaf%C4%99;https://pl.pinterest.com/szponarska/organizacja-szafy/;DOMOWY RESET;Clean editorial;L01,L02,L06;LISTA,PROBLEM,PRODUCT;#F6F1E8/#20201E/#D85C4A
jak zwiększyć miejsce w szafie;Organizacja szafy i garderoby;Long-tail;Informacyjna;9;10;8;3;8.45;P2;https://pl.pinterest.com/search/pins/?q=jak%20zwi%C4%99kszy%C4%87%20miejsce%20w%20szafie;https://pl.pinterest.com/szponarska/organizacja-szafy/;DOMOWY RESET;Clean editorial;L01,L02,L06;LISTA,PROBLEM,PRODUCT;#F6F1E8/#20201E/#D85C4A
szafa kapsułowa organizacja;Organizacja szafy i garderoby;Core;Informacyjna;9;10;8;3;8.45;P2;https://pl.pinterest.com/search/pins/?q=szafa%20kapsu%C5%82owa%20organizacja;https://pl.pinterest.com/szponarska/organizacja-szafy/;DOMOWY RESET;Clean editorial;L01,L02,L06;LISTA,PROBLEM,PRODUCT;#F6F1E8/#20201E/#D85C4A
reset szafy;Organizacja szafy i garderoby;Core;Informacyjna;9;10;8;3;8.45;P2;https://pl.pinterest.com/search/pins/?q=reset%20szafy;https://pl.pinterest.com/szponarska/organizacja-szafy/;DOMOWY RESET;Clean editorial;L01,L02,L06;LISTA,PROBLEM,PRODUCT;#F6F1E8/#20201E/#D85C4A
sezonowa organizacja szafy;Organizacja szafy i garderoby;Core;Informacyjna;9;10;8;3;8.45;P2;https://pl.pinterest.com/search/pins/?q=sezonowa%20organizacja%20szafy;https://pl.pinterest.com/szponarska/organizacja-szafy/;DOMOWY RESET;Clean editorial;L01,L02,L06;LISTA,PROBLEM,PRODUCT;#F6F1E8/#20201E/#D85C4A
organizacja szafy przed zimą;Organizacja szafy i garderoby;Long-tail;Informacyjna;9;10;8;3;8.45;P2;https://pl.pinterest.com/search/pins/?q=organizacja%20szafy%20przed%20zim%C4%85;https://pl.pinterest.com/szponarska/organizacja-szafy/;DOMOWY RESET;Clean editorial;L01,L02,L06;LISTA,PROBLEM,PRODUCT;#F6F1E8/#20201E/#D85C4A
organizacja szafy na wiosnę;Organizacja szafy i garderoby;Long-tail;Informacyjna;9;10;8;3;8.45;P2;https://pl.pinterest.com/search/pins/?q=organizacja%20szafy%20na%20wiosn%C4%99;https://pl.pinterest.com/szponarska/organizacja-szafy/;DOMOWY RESET;Clean editorial;L01,L02,L06;LISTA,PROBLEM,PRODUCT;#F6F1E8/#20201E/#D85C4A
sprytne przechowywanie ubrań;Organizacja szafy i garderoby;Core;Informacyjna;9;10;8;3;8.45;P2;https://pl.pinterest.com/search/pins/?q=sprytne%20przechowywanie%20ubra%C5%84;https://pl.pinterest.com/szponarska/organizacja-szafy/;DOMOWY RESET;Clean editorial;L01,L02,L06;LISTA,PROBLEM,PRODUCT;#F6F1E8/#20201E/#D85C4A
garderoba w małym mieszkaniu;Organizacja szafy i garderoby;Long-tail;Informacyjna;10;10;8;3;8.8;P1;https://pl.pinterest.com/search/pins/?q=garderoba%20w%20ma%C5%82ym%20mieszkaniu;https://pl.pinterest.com/szponarska/organizacja-szafy/;DOMOWY RESET;Clean editorial;L01,L02,L06;LISTA,PROBLEM,PRODUCT;#F6F1E8/#20201E/#D85C4A
organizacja szafy w sypialni;Organizacja szafy i garderoby;Long-tail;Informacyjna;9;10;8;3;8.45;P2;https://pl.pinterest.com/search/pins/?q=organizacja%20szafy%20w%20sypialni;https://pl.pinterest.com/szponarska/organizacja-szafy/;DOMOWY RESET;Clean editorial;L01,L02,L06;LISTA,PROBLEM,PRODUCT;#F6F1E8/#20201E/#D85C4A
ładnie zorganizowana szafa;Organizacja szafy i garderoby;Core;Informacyjna;9;10;8;3;8.45;P2;https://pl.pinterest.com/search/pins/?q=%C5%82adnie%20zorganizowana%20szafa;https://pl.pinterest.com/szponarska/organizacja-szafy/;DOMOWY RESET;Clean editorial;L01,L02,L06;LISTA,PROBLEM,PRODUCT;#F6F1E8/#20201E/#D85C4A
małe mieszkanie;Małe mieszkanie;Core;Informacyjna;10;9;8;3;8.5;P2;https://pl.pinterest.com/search/pins/?q=ma%C5%82e%20mieszkanie;https://pl.pinterest.com/krystynapiotrowska68/ma%C5%82e-mieszkanie/;DOMOWY RESET;Clean editorial;L01,L02,L06;LISTA,PROBLEM,PRODUCT;#F6F1E8/#20201E/#D85C4A
pomysły na małe mieszkanie;Małe mieszkanie;Long-tail;Informacyjna;10;9;8;3;8.5;P2;https://pl.pinterest.com/search/pins/?q=pomys%C5%82y%20na%20ma%C5%82e%20mieszkanie;https://pl.pinterest.com/krystynapiotrowska68/ma%C5%82e-mieszkanie/;DOMOWY RESET;Clean editorial;L01,L02,L06;LISTA,PROBLEM,PRODUCT;#F6F1E8/#20201E/#D85C4A
małe mieszkanie inspiracje;Małe mieszkanie;Core;Informacyjna;10;9;8;3;8.5;P2;https://pl.pinterest.com/search/pins/?q=ma%C5%82e%20mieszkanie%20inspiracje;https://pl.pinterest.com/krystynapiotrowska68/ma%C5%82e-mieszkanie/;DOMOWY RESET;Clean editorial;L01,L02,L06;LISTA,PROBLEM,PRODUCT;#F6F1E8/#20201E/#D85C4A
aranżacja małego mieszkania;Małe mieszkanie;Core;Informacyjna;10;9;8;3;8.5;P2;https://pl.pinterest.com/search/pins/?q=aran%C5%BCacja%20ma%C5%82ego%20mieszkania;https://pl.pinterest.com/krystynapiotrowska68/ma%C5%82e-mieszkanie/;DOMOWY RESET;Clean editorial;L01,L02,L06;LISTA,PROBLEM,PRODUCT;#F6F1E8/#20201E/#D85C4A
organizacja małego mieszkania;Małe mieszkanie;Core;Informacyjna;10;9;8;3;8.5;P2;https://pl.pinterest.com/search/pins/?q=organizacja%20ma%C5%82ego%20mieszkania;https://pl.pinterest.com/krystynapiotrowska68/ma%C5%82e-mieszkanie/;DOMOWY RESET;Clean editorial;L01,L02,L06;LISTA,PROBLEM,PRODUCT;#F6F1E8/#20201E/#D85C4A
urządzanie małego mieszkania;Małe mieszkanie;Core;Informacyjna;10;9;8;3;8.5;P2;https://pl.pinterest.com/search/pins/?q=urz%C4%85dzanie%20ma%C5%82ego%20mieszkania;https://pl.pinterest.com/krystynapiotrowska68/ma%C5%82e-mieszkanie/;DOMOWY RESET;Clean editorial;L01,L02,L06;LISTA,PROBLEM,PRODUCT;#F6F1E8/#20201E/#D85C4A
małe mieszkanie w bloku;Małe mieszkanie;Long-tail;Informacyjna;10;9;8;3;8.5;P2;https://pl.pinterest.com/search/pins/?q=ma%C5%82e%20mieszkanie%20w%20bloku;https://pl.pinterest.com/krystynapiotrowska68/ma%C5%82e-mieszkanie/;DOMOWY RESET;Clean editorial;L01,L02,L06;LISTA,PROBLEM,PRODUCT;#F6F1E8/#20201E/#D85C4A
funkcjonalne małe mieszkanie;Małe mieszkanie;Core;Informacyjna;10;9;8;3;8.5;P2;https://pl.pinterest.com/search/pins/?q=funkcjonalne%20ma%C5%82e%20mieszkanie;https://pl.pinterest.com/krystynapiotrowska68/ma%C5%82e-mieszkanie/;DOMOWY RESET;Clean editorial;L01,L02,L06;LISTA,PROBLEM,PRODUCT;#F6F1E8/#20201E/#D85C4A
praktyczne małe mieszkanie;Małe mieszkanie;Core;Informacyjna;10;9;8;3;8.5;P2;https://pl.pinterest.com/search/pins/?q=praktyczne%20ma%C5%82e%20mieszkanie;https://pl.pinterest.com/krystynapiotrowska68/ma%C5%82e-mieszkanie/;DOMOWY RESET;Clean editorial;L01,L02,L06;LISTA,PROBLEM,PRODUCT;#F6F1E8/#20201E/#D85C4A
nowoczesne małe mieszkanie;Małe mieszkanie;Core;Informacyjna;10;9;8;3;8.5;P2;https://pl.pinterest.com/search/pins/?q=nowoczesne%20ma%C5%82e%20mieszkanie;https://pl.pinterest.com/krystynapiotrowska68/ma%C5%82e-mieszkanie/;DOMOWY RESET;Clean editorial;L01,L02,L06;LISTA,PROBLEM,PRODUCT;#F6F1E8/#20201E/#D85C4A
przytulne małe mieszkanie;Małe mieszkanie;Core;Informacyjna;10;9;8;3;8.5;P2;https://pl.pinterest.com/search/pins/?q=przytulne%20ma%C5%82e%20mieszkanie;https://pl.pinterest.com/krystynapiotrowska68/ma%C5%82e-mieszkanie/;DOMOWY RESET;Clean editorial;L01,L02,L06;LISTA,PROBLEM,PRODUCT;#F6F1E8/#20201E/#D85C4A
minimalistyczne małe mieszkanie;Małe mieszkanie;Core;Informacyjna;10;9;8;3;8.5;P2;https://pl.pinterest.com/search/pins/?q=minimalistyczne%20ma%C5%82e%20mieszkanie;https://pl.pinterest.com/krystynapiotrowska68/ma%C5%82e-mieszkanie/;DOMOWY RESET;Clean editorial;L01,L02,L06;LISTA,PROBLEM,PRODUCT;#F6F1E8/#20201E/#D85C4A
małe mieszkanie z pomysłami;Małe mieszkanie;Long-tail;Informacyjna;10;9;8;3;8.5;P2;https://pl.pinterest.com/search/pins/?q=ma%C5%82e%20mieszkanie%20z%20pomys%C5%82ami;https://pl.pinterest.com/krystynapiotrowska68/ma%C5%82e-mieszkanie/;DOMOWY RESET;Clean editorial;L01,L02,L06;LISTA,PROBLEM,PRODUCT;#F6F1E8/#20201E/#D85C4A
przechowywanie w małym mieszkaniu;Małe mieszkanie;Long-tail;Informacyjna;10;9;8;3;8.5;P2;https://pl.pinterest.com/search/pins/?q=przechowywanie%20w%20ma%C5%82ym%20mieszkaniu;https://pl.pinterest.com/krystynapiotrowska68/ma%C5%82e-mieszkanie/;DOMOWY RESET;Clean editorial;L01,L02,L06;LISTA,PROBLEM,PRODUCT;#F6F1E8/#20201E/#D85C4A
miejsce do przechowywania w małym mieszkaniu;Małe mieszkanie;Long-tail;Informacyjna;10;9;8;3;8.5;P2;https://pl.pinterest.com/search/pins/?q=miejsce%20do%20przechowywania%20w%20ma%C5%82ym%20mieszkaniu;https://pl.pinterest.com/krystynapiotrowska68/ma%C5%82e-mieszkanie/;DOMOWY RESET;Clean editorial;L01,L02,L06;LISTA,PROBLEM,PRODUCT;#F6F1E8/#20201E/#D85C4A
meble do małego mieszkania;Małe mieszkanie;Long-tail;Komercyjna;10;10;9;3;9.05;P1;https://pl.pinterest.com/search/pins/?q=meble%20do%20ma%C5%82ego%20mieszkania;https://pl.pinterest.com/krystynapiotrowska68/ma%C5%82e-mieszkanie/;DOMOWY RESET;Clean editorial;L01,L02,L06;LISTA,PROBLEM,PRODUCT;#F6F1E8/#20201E/#D85C4A
wielofunkcyjne meble do małego mieszkania;Małe mieszkanie;Long-tail;Komercyjna;10;10;9;3;9.05;P1;https://pl.pinterest.com/search/pins/?q=wielofunkcyjne%20meble%20do%20ma%C5%82ego%20mieszkania;https://pl.pinterest.com/krystynapiotrowska68/ma%C5%82e-mieszkanie/;DOMOWY RESET;Clean editorial;L01,L02,L06;LISTA,PROBLEM,PRODUCT;#F6F1E8/#20201E/#D85C4A
mały salon;Małe mieszkanie;Core;Informacyjna;10;9;8;3;8.5;P2;https://pl.pinterest.com/search/pins/?q=ma%C5%82y%20salon;https://pl.pinterest.com/krystynapiotrowska68/ma%C5%82e-mieszkanie/;DOMOWY RESET;Clean editorial;L01,L02,L06;LISTA,PROBLEM,PRODUCT;#F6F1E8/#20201E/#D85C4A
mała sypialnia;Małe mieszkanie;Core;Informacyjna;10;9;8;3;8.5;P2;https://pl.pinterest.com/search/pins/?q=ma%C5%82a%20sypialnia;https://pl.pinterest.com/krystynapiotrowska68/ma%C5%82e-mieszkanie/;DOMOWY RESET;Clean editorial;L01,L02,L06;LISTA,PROBLEM,PRODUCT;#F6F1E8/#20201E/#D85C4A
mała kuchnia;Małe mieszkanie;Core;Informacyjna;10;9;8;3;8.5;P2;https://pl.pinterest.com/search/pins/?q=ma%C5%82a%20kuchnia;https://pl.pinterest.com/krystynapiotrowska68/ma%C5%82e-mieszkanie/;DOMOWY RESET;Clean editorial;L01,L02,L06;LISTA,PROBLEM,PRODUCT;#F6F1E8/#20201E/#D85C4A
mała łazienka;Małe mieszkanie;Core;Informacyjna;10;9;8;3;8.5;P2;https://pl.pinterest.com/search/pins/?q=ma%C5%82a%20%C5%82azienka;https://pl.pinterest.com/krystynapiotrowska68/ma%C5%82e-mieszkanie/;DOMOWY RESET;Clean editorial;L01,L02,L06;LISTA,PROBLEM,PRODUCT;#F6F1E8/#20201E/#D85C4A
mały przedpokój;Małe mieszkanie;Core;Informacyjna;10;9;8;3;8.5;P2;https://pl.pinterest.com/search/pins/?q=ma%C5%82y%20przedpok%C3%B3j;https://pl.pinterest.com/krystynapiotrowska68/ma%C5%82e-mieszkanie/;DOMOWY RESET;Clean editorial;L01,L02,L06;LISTA,PROBLEM,PRODUCT;#F6F1E8/#20201E/#D85C4A
mały balkon;Małe mieszkanie;Core;Informacyjna;10;9;8;3;8.5;P2;https://pl.pinterest.com/search/pins/?q=ma%C5%82y%20balkon;https://pl.pinterest.com/krystynapiotrowska68/ma%C5%82e-mieszkanie/;DOMOWY RESET;Clean editorial;L01,L02,L06;LISTA,PROBLEM,PRODUCT;#F6F1E8/#20201E/#D85C4A
jak urządzić małe mieszkanie;Małe mieszkanie;Long-tail;Informacyjna;10;9;8;3;8.5;P2;https://pl.pinterest.com/search/pins/?q=jak%20urz%C4%85dzi%C4%87%20ma%C5%82e%20mieszkanie;https://pl.pinterest.com/krystynapiotrowska68/ma%C5%82e-mieszkanie/;DOMOWY RESET;Clean editorial;L01,L02,L06;LISTA,PROBLEM,PRODUCT;#F6F1E8/#20201E/#D85C4A
jak powiększyć małe mieszkanie;Małe mieszkanie;Long-tail;Informacyjna;10;9;8;3;8.5;P2;https://pl.pinterest.com/search/pins/?q=jak%20powi%C4%99kszy%C4%87%20ma%C5%82e%20mieszkanie;https://pl.pinterest.com/krystynapiotrowska68/ma%C5%82e-mieszkanie/;DOMOWY RESET;Clean editorial;L01,L02,L06;LISTA,PROBLEM,PRODUCT;#F6F1E8/#20201E/#D85C4A
jak optycznie powiększyć mieszkanie;Małe mieszkanie;Long-tail;Informacyjna;9;9;8;3;8.15;P2;https://pl.pinterest.com/search/pins/?q=jak%20optycznie%20powi%C4%99kszy%C4%87%20mieszkanie;https://pl.pinterest.com/krystynapiotrowska68/ma%C5%82e-mieszkanie/;DOMOWY RESET;Clean editorial;L01,L02,L06;LISTA,PROBLEM,PRODUCT;#F6F1E8/#20201E/#D85C4A
jak urządzić kawalerkę;Małe mieszkanie;Core;Informacyjna;9;9;8;3;8.15;P2;https://pl.pinterest.com/search/pins/?q=jak%20urz%C4%85dzi%C4%87%20kawalerk%C4%99;https://pl.pinterest.com/krystynapiotrowska68/ma%C5%82e-mieszkanie/;DOMOWY RESET;Clean editorial;L01,L02,L06;LISTA,PROBLEM,PRODUCT;#F6F1E8/#20201E/#D85C4A
kawalerka inspiracje;Małe mieszkanie;Core;Informacyjna;9;9;8;3;8.15;P2;https://pl.pinterest.com/search/pins/?q=kawalerka%20inspiracje;https://pl.pinterest.com/krystynapiotrowska68/ma%C5%82e-mieszkanie/;DOMOWY RESET;Clean editorial;L01,L02,L06;LISTA,PROBLEM,PRODUCT;#F6F1E8/#20201E/#D85C4A
organizacja kawalerki;Małe mieszkanie;Core;Informacyjna;9;9;8;3;8.15;P2;https://pl.pinterest.com/search/pins/?q=organizacja%20kawalerki;https://pl.pinterest.com/krystynapiotrowska68/ma%C5%82e-mieszkanie/;DOMOWY RESET;Clean editorial;L01,L02,L06;LISTA,PROBLEM,PRODUCT;#F6F1E8/#20201E/#D85C4A
przechowywanie w kawalerce;Małe mieszkanie;Core;Informacyjna;9;9;8;3;8.15;P2;https://pl.pinterest.com/search/pins/?q=przechowywanie%20w%20kawalerce;https://pl.pinterest.com/krystynapiotrowska68/ma%C5%82e-mieszkanie/;DOMOWY RESET;Clean editorial;L01,L02,L06;LISTA,PROBLEM,PRODUCT;#F6F1E8/#20201E/#D85C4A
małe mieszkanie małym kosztem;Małe mieszkanie;Long-tail;Informacyjna;10;9;8;3;8.5;P2;https://pl.pinterest.com/search/pins/?q=ma%C5%82e%20mieszkanie%20ma%C5%82ym%20kosztem;https://pl.pinterest.com/krystynapiotrowska68/ma%C5%82e-mieszkanie/;DOMOWY RESET;Clean editorial;L01,L02,L06;LISTA,PROBLEM,PRODUCT;#F6F1E8/#20201E/#D85C4A
tanie urządzenie małego mieszkania;Małe mieszkanie;Long-tail;Informacyjna;10;9;8;3;8.5;P2;https://pl.pinterest.com/search/pins/?q=tanie%20urz%C4%85dzenie%20ma%C5%82ego%20mieszkania;https://pl.pinterest.com/krystynapiotrowska68/ma%C5%82e-mieszkanie/;DOMOWY RESET;Clean editorial;L01,L02,L06;LISTA,PROBLEM,PRODUCT;#F6F1E8/#20201E/#D85C4A
małe mieszkanie skandynawskie;Małe mieszkanie;Core;Informacyjna;10;9;8;3;8.5;P2;https://pl.pinterest.com/search/pins/?q=ma%C5%82e%20mieszkanie%20skandynawskie;https://pl.pinterest.com/krystynapiotrowska68/ma%C5%82e-mieszkanie/;DOMOWY RESET;Clean editorial;L01,L02,L06;LISTA,PROBLEM,PRODUCT;#F6F1E8/#20201E/#D85C4A
małe mieszkanie japandi;Małe mieszkanie;Core;Informacyjna;10;9;8;3;8.5;P2;https://pl.pinterest.com/search/pins/?q=ma%C5%82e%20mieszkanie%20japandi;https://pl.pinterest.com/krystynapiotrowska68/ma%C5%82e-mieszkanie/;DOMOWY RESET;Clean editorial;L01,L02,L06;LISTA,PROBLEM,PRODUCT;#F6F1E8/#20201E/#D85C4A
małe mieszkanie loft;Małe mieszkanie;Core;Informacyjna;10;9;8;3;8.5;P2;https://pl.pinterest.com/search/pins/?q=ma%C5%82e%20mieszkanie%20loft;https://pl.pinterest.com/krystynapiotrowska68/ma%C5%82e-mieszkanie/;DOMOWY RESET;Clean editorial;L01,L02,L06;LISTA,PROBLEM,PRODUCT;#F6F1E8/#20201E/#D85C4A
małe mieszkanie boho;Małe mieszkanie;Core;Informacyjna;10;9;8;3;8.5;P2;https://pl.pinterest.com/search/pins/?q=ma%C5%82e%20mieszkanie%20boho;https://pl.pinterest.com/krystynapiotrowska68/ma%C5%82e-mieszkanie/;DOMOWY RESET;Clean editorial;L01,L02,L06;LISTA,PROBLEM,PRODUCT;#F6F1E8/#20201E/#D85C4A
małe mieszkanie nowoczesne;Małe mieszkanie;Core;Informacyjna;10;9;8;3;8.5;P2;https://pl.pinterest.com/search/pins/?q=ma%C5%82e%20mieszkanie%20nowoczesne;https://pl.pinterest.com/krystynapiotrowska68/ma%C5%82e-mieszkanie/;DOMOWY RESET;Clean editorial;L01,L02,L06;LISTA,PROBLEM,PRODUCT;#F6F1E8/#20201E/#D85C4A
małe mieszkanie bez bałaganu;Małe mieszkanie;Long-tail;Informacyjna;10;9;8;3;8.5;P2;https://pl.pinterest.com/search/pins/?q=ma%C5%82e%20mieszkanie%20bez%20ba%C5%82aganu;https://pl.pinterest.com/krystynapiotrowska68/ma%C5%82e-mieszkanie/;DOMOWY RESET;Clean editorial;L01,L02,L06;LISTA,PROBLEM,PRODUCT;#F6F1E8/#20201E/#D85C4A
sprytne rozwiązania do małego mieszkania;Małe mieszkanie;Long-tail;Informacyjna;10;9;8;3;8.5;P2;https://pl.pinterest.com/search/pins/?q=sprytne%20rozwi%C4%85zania%20do%20ma%C5%82ego%20mieszkania;https://pl.pinterest.com/krystynapiotrowska68/ma%C5%82e-mieszkanie/;DOMOWY RESET;Clean editorial;L01,L02,L06;LISTA,PROBLEM,PRODUCT;#F6F1E8/#20201E/#D85C4A
pomysły na przechowywanie w kawalerce;Małe mieszkanie;Long-tail;Informacyjna;9;9;8;3;8.15;P2;https://pl.pinterest.com/search/pins/?q=pomys%C5%82y%20na%20przechowywanie%20w%20kawalerce;https://pl.pinterest.com/krystynapiotrowska68/ma%C5%82e-mieszkanie/;DOMOWY RESET;Clean editorial;L01,L02,L06;LISTA,PROBLEM,PRODUCT;#F6F1E8/#20201E/#D85C4A
funkcjonalne wnętrze małego mieszkania;Małe mieszkanie;Long-tail;Informacyjna;10;9;8;3;8.5;P2;https://pl.pinterest.com/search/pins/?q=funkcjonalne%20wn%C4%99trze%20ma%C5%82ego%20mieszkania;https://pl.pinterest.com/krystynapiotrowska68/ma%C5%82e-mieszkanie/;DOMOWY RESET;Clean editorial;L01,L02,L06;LISTA,PROBLEM,PRODUCT;#F6F1E8/#20201E/#D85C4A
mała przestrzeń duże możliwości;Małe mieszkanie;Long-tail;Informacyjna;10;9;8;3;8.5;P2;https://pl.pinterest.com/search/pins/?q=ma%C5%82a%20przestrze%C5%84%20du%C5%BCe%20mo%C5%BCliwo%C5%9Bci;https://pl.pinterest.com/krystynapiotrowska68/ma%C5%82e-mieszkanie/;DOMOWY RESET;Clean editorial;L01,L02,L06;LISTA,PROBLEM,PRODUCT;#F6F1E8/#20201E/#D85C4A
organizacja łazienki;Organizacja łazienki;Core;Informacyjna;8;9;7;3;7.55;P3;https://pl.pinterest.com/search/pins/?q=organizacja%20%C5%82azienki;https://pl.pinterest.com/ekubica0738/organizacja-%C5%82azienki/;DOMOWY RESET;Clean editorial;L01,L02,L06;LISTA,PROBLEM,PRODUCT;#F6F1E8/#20201E/#D85C4A
organizacja małej łazienki;Organizacja łazienki;Core;Informacyjna;9;9;7;3;7.9;P3;https://pl.pinterest.com/search/pins/?q=organizacja%20ma%C5%82ej%20%C5%82azienki;https://pl.pinterest.com/ekubica0738/organizacja-%C5%82azienki/;DOMOWY RESET;Clean editorial;L01,L02,L06;LISTA,PROBLEM,PRODUCT;#F6F1E8/#20201E/#D85C4A
organizacja łazienki inspiracje;Organizacja łazienki;Core;Informacyjna;8;9;7;3;7.55;P3;https://pl.pinterest.com/search/pins/?q=organizacja%20%C5%82azienki%20inspiracje;https://pl.pinterest.com/ekubica0738/organizacja-%C5%82azienki/;DOMOWY RESET;Clean editorial;L01,L02,L06;LISTA,PROBLEM,PRODUCT;#F6F1E8/#20201E/#D85C4A
jak zorganizować łazienkę;Organizacja łazienki;Core;Informacyjna;8;9;7;3;7.55;P3;https://pl.pinterest.com/search/pins/?q=jak%20zorganizowa%C4%87%20%C5%82azienk%C4%99;https://pl.pinterest.com/ekubica0738/organizacja-%C5%82azienki/;DOMOWY RESET;Clean editorial;L01,L02,L06;LISTA,PROBLEM,PRODUCT;#F6F1E8/#20201E/#D85C4A
jak uporządkować łazienkę;Organizacja łazienki;Core;Informacyjna;8;9;7;3;7.55;P3;https://pl.pinterest.com/search/pins/?q=jak%20uporz%C4%85dkowa%C4%87%20%C5%82azienk%C4%99;https://pl.pinterest.com/ekubica0738/organizacja-%C5%82azienki/;DOMOWY RESET;Clean editorial;L01,L02,L06;LISTA,PROBLEM,PRODUCT;#F6F1E8/#20201E/#D85C4A
przechowywanie w łazience;Organizacja łazienki;Core;Informacyjna;8;9;7;3;7.55;P3;https://pl.pinterest.com/search/pins/?q=przechowywanie%20w%20%C5%82azience;https://pl.pinterest.com/ekubica0738/organizacja-%C5%82azienki/;DOMOWY RESET;Clean editorial;L01,L02,L06;LISTA,PROBLEM,PRODUCT;#F6F1E8/#20201E/#D85C4A
organizacja szafki łazienkowej;Organizacja łazienki;Core;Informacyjna;8;9;7;3;7.55;P3;https://pl.pinterest.com/search/pins/?q=organizacja%20szafki%20%C5%82azienkowej;https://pl.pinterest.com/ekubica0738/organizacja-%C5%82azienki/;DOMOWY RESET;Clean editorial;L01,L02,L06;LISTA,PROBLEM,PRODUCT;#F6F1E8/#20201E/#D85C4A
organizacja szuflady łazienkowej;Organizacja łazienki;Core;Informacyjna;8;9;7;3;7.55;P3;https://pl.pinterest.com/search/pins/?q=organizacja%20szuflady%20%C5%82azienkowej;https://pl.pinterest.com/ekubica0738/organizacja-%C5%82azienki/;DOMOWY RESET;Clean editorial;L01,L02,L06;LISTA,PROBLEM,PRODUCT;#F6F1E8/#20201E/#D85C4A
organizacja pod umywalką;Organizacja łazienki;Core;Informacyjna;8;9;7;3;7.55;P3;https://pl.pinterest.com/search/pins/?q=organizacja%20pod%20umywalk%C4%85;https://pl.pinterest.com/ekubica0738/organizacja-%C5%82azienki/;DOMOWY RESET;Clean editorial;L01,L02,L06;LISTA,PROBLEM,PRODUCT;#F6F1E8/#20201E/#D85C4A
organizacja kosmetyków;Organizacja łazienki;Core;Informacyjna;8;9;7;3;7.55;P3;https://pl.pinterest.com/search/pins/?q=organizacja%20kosmetyk%C3%B3w;https://pl.pinterest.com/ekubica0738/organizacja-%C5%82azienki/;DOMOWY RESET;Clean editorial;L01,L02,L06;LISTA,PROBLEM,PRODUCT;#F6F1E8/#20201E/#D85C4A
organizacja makijażu w łazience;Organizacja łazienki;Long-tail;Informacyjna;8;9;7;3;7.55;P3;https://pl.pinterest.com/search/pins/?q=organizacja%20makija%C5%BCu%20w%20%C5%82azience;https://pl.pinterest.com/ekubica0738/organizacja-%C5%82azienki/;DOMOWY RESET;Clean editorial;L01,L02,L06;LISTA,PROBLEM,PRODUCT;#F6F1E8/#20201E/#D85C4A
organizacja ręczników;Organizacja łazienki;Core;Informacyjna;8;9;7;3;7.55;P3;https://pl.pinterest.com/search/pins/?q=organizacja%20r%C4%99cznik%C3%B3w;https://pl.pinterest.com/ekubica0738/organizacja-%C5%82azienki/;DOMOWY RESET;Clean editorial;L01,L02,L06;LISTA,PROBLEM,PRODUCT;#F6F1E8/#20201E/#D85C4A
organizacja środków czystości;Organizacja łazienki;Core;Informacyjna;8;9;7;3;7.55;P3;https://pl.pinterest.com/search/pins/?q=organizacja%20%C5%9Brodk%C3%B3w%20czysto%C5%9Bci;https://pl.pinterest.com/ekubica0738/organizacja-%C5%82azienki/;DOMOWY RESET;Clean editorial;L01,L02,L06;LISTA,PROBLEM,PRODUCT;#F6F1E8/#20201E/#D85C4A
organizacja pralki;Organizacja łazienki;Core;Informacyjna;8;9;7;3;7.55;P3;https://pl.pinterest.com/search/pins/?q=organizacja%20pralki;https://pl.pinterest.com/ekubica0738/organizacja-%C5%82azienki/;DOMOWY RESET;Clean editorial;L01,L02,L06;LISTA,PROBLEM,PRODUCT;#F6F1E8/#20201E/#D85C4A
organizacja małej łazienki w bloku;Organizacja łazienki;Long-tail;Informacyjna;9;9;7;3;7.9;P3;https://pl.pinterest.com/search/pins/?q=organizacja%20ma%C5%82ej%20%C5%82azienki%20w%20bloku;https://pl.pinterest.com/ekubica0738/organizacja-%C5%82azienki/;DOMOWY RESET;Clean editorial;L01,L02,L06;LISTA,PROBLEM,PRODUCT;#F6F1E8/#20201E/#D85C4A
mała łazienka przechowywanie;Organizacja łazienki;Core;Informacyjna;9;9;7;3;7.9;P3;https://pl.pinterest.com/search/pins/?q=ma%C5%82a%20%C5%82azienka%20przechowywanie;https://pl.pinterest.com/ekubica0738/organizacja-%C5%82azienki/;DOMOWY RESET;Clean editorial;L01,L02,L06;LISTA,PROBLEM,PRODUCT;#F6F1E8/#20201E/#D85C4A
pomysły na małą łazienkę;Organizacja łazienki;Long-tail;Informacyjna;9;9;7;3;7.9;P3;https://pl.pinterest.com/search/pins/?q=pomys%C5%82y%20na%20ma%C5%82%C4%85%20%C5%82azienk%C4%99;https://pl.pinterest.com/ekubica0738/organizacja-%C5%82azienki/;DOMOWY RESET;Clean editorial;L01,L02,L06;LISTA,PROBLEM,PRODUCT;#F6F1E8/#20201E/#D85C4A
mała łazienka inspiracje;Organizacja łazienki;Core;Informacyjna;9;9;7;3;7.9;P3;https://pl.pinterest.com/search/pins/?q=ma%C5%82a%20%C5%82azienka%20inspiracje;https://pl.pinterest.com/ekubica0738/organizacja-%C5%82azienki/;DOMOWY RESET;Clean editorial;L01,L02,L06;LISTA,PROBLEM,PRODUCT;#F6F1E8/#20201E/#D85C4A
łazienka bez bałaganu;Organizacja łazienki;Core;Informacyjna;8;9;7;3;7.55;P3;https://pl.pinterest.com/search/pins/?q=%C5%82azienka%20bez%20ba%C5%82aganu;https://pl.pinterest.com/ekubica0738/organizacja-%C5%82azienki/;DOMOWY RESET;Clean editorial;L01,L02,L06;LISTA,PROBLEM,PRODUCT;#F6F1E8/#20201E/#D85C4A
minimalistyczna łazienka;Organizacja łazienki;Core;Informacyjna;8;9;7;3;7.55;P3;https://pl.pinterest.com/search/pins/?q=minimalistyczna%20%C5%82azienka;https://pl.pinterest.com/ekubica0738/organizacja-%C5%82azienki/;DOMOWY RESET;Clean editorial;L01,L02,L06;LISTA,PROBLEM,PRODUCT;#F6F1E8/#20201E/#D85C4A
przytulna łazienka;Organizacja łazienki;Core;Informacyjna;8;9;7;3;7.55;P3;https://pl.pinterest.com/search/pins/?q=przytulna%20%C5%82azienka;https://pl.pinterest.com/ekubica0738/organizacja-%C5%82azienki/;DOMOWY RESET;Clean editorial;L01,L02,L06;LISTA,PROBLEM,PRODUCT;#F6F1E8/#20201E/#D85C4A
nowoczesna łazienka organizacja;Organizacja łazienki;Core;Informacyjna;8;9;7;3;7.55;P3;https://pl.pinterest.com/search/pins/?q=nowoczesna%20%C5%82azienka%20organizacja;https://pl.pinterest.com/ekubica0738/organizacja-%C5%82azienki/;DOMOWY RESET;Clean editorial;L01,L02,L06;LISTA,PROBLEM,PRODUCT;#F6F1E8/#20201E/#D85C4A
organizery do łazienki;Organizacja łazienki;Long-tail;Komercyjna;8;10;8;3;8.1;P2;https://pl.pinterest.com/search/pins/?q=organizery%20do%20%C5%82azienki;https://pl.pinterest.com/ekubica0738/organizacja-%C5%82azienki/;DOMOWY RESET;Clean editorial;L01,L02,L06;LISTA,PROBLEM,PRODUCT;#F6F1E8/#20201E/#D85C4A
organizer pod umywalkę;Organizacja łazienki;Long-tail;Komercyjna;8;10;8;3;8.1;P2;https://pl.pinterest.com/search/pins/?q=organizer%20pod%20umywalk%C4%99;https://pl.pinterest.com/ekubica0738/organizacja-%C5%82azienki/;DOMOWY RESET;Clean editorial;L01,L02,L06;LISTA,PROBLEM,PRODUCT;#F6F1E8/#20201E/#D85C4A
organizer na kosmetyki;Organizacja łazienki;Long-tail;Komercyjna;8;10;8;3;8.1;P2;https://pl.pinterest.com/search/pins/?q=organizer%20na%20kosmetyki;https://pl.pinterest.com/ekubica0738/organizacja-%C5%82azienki/;DOMOWY RESET;Clean editorial;L01,L02,L06;LISTA,PROBLEM,PRODUCT;#F6F1E8/#20201E/#D85C4A
organizer do szuflady łazienkowej;Organizacja łazienki;Long-tail;Komercyjna;8;10;8;3;8.1;P2;https://pl.pinterest.com/search/pins/?q=organizer%20do%20szuflady%20%C5%82azienkowej;https://pl.pinterest.com/ekubica0738/organizacja-%C5%82azienki/;DOMOWY RESET;Clean editorial;L01,L02,L06;LISTA,PROBLEM,PRODUCT;#F6F1E8/#20201E/#D85C4A
półki do łazienki;Organizacja łazienki;Long-tail;Komercyjna;8;10;8;3;8.1;P2;https://pl.pinterest.com/search/pins/?q=p%C3%B3%C5%82ki%20do%20%C5%82azienki;https://pl.pinterest.com/ekubica0738/organizacja-%C5%82azienki/;DOMOWY RESET;Clean editorial;L01,L02,L06;LISTA,PROBLEM,PRODUCT;#F6F1E8/#20201E/#D85C4A
koszyki do łazienki;Organizacja łazienki;Core;Informacyjna;8;9;7;3;7.55;P3;https://pl.pinterest.com/search/pins/?q=koszyki%20do%20%C5%82azienki;https://pl.pinterest.com/ekubica0738/organizacja-%C5%82azienki/;DOMOWY RESET;Clean editorial;L01,L02,L06;LISTA,PROBLEM,PRODUCT;#F6F1E8/#20201E/#D85C4A
wąska szafka do łazienki;Organizacja łazienki;Long-tail;Komercyjna;8;9;8;3;7.8;P3;https://pl.pinterest.com/search/pins/?q=w%C4%85ska%20szafka%20do%20%C5%82azienki;https://pl.pinterest.com/ekubica0738/organizacja-%C5%82azienki/;DOMOWY RESET;Clean editorial;L01,L02,L06;LISTA,PROBLEM,PRODUCT;#F6F1E8/#20201E/#D85C4A
pionowe przechowywanie w łazience;Organizacja łazienki;Long-tail;Informacyjna;8;9;7;3;7.55;P3;https://pl.pinterest.com/search/pins/?q=pionowe%20przechowywanie%20w%20%C5%82azience;https://pl.pinterest.com/ekubica0738/organizacja-%C5%82azienki/;DOMOWY RESET;Clean editorial;L01,L02,L06;LISTA,PROBLEM,PRODUCT;#F6F1E8/#20201E/#D85C4A
organizacja kosmetyków w szufladzie;Organizacja łazienki;Long-tail;Informacyjna;8;9;7;3;7.55;P3;https://pl.pinterest.com/search/pins/?q=organizacja%20kosmetyk%C3%B3w%20w%20szufladzie;https://pl.pinterest.com/ekubica0738/organizacja-%C5%82azienki/;DOMOWY RESET;Clean editorial;L01,L02,L06;LISTA,PROBLEM,PRODUCT;#F6F1E8/#20201E/#D85C4A
organizacja papieru toaletowego;Organizacja łazienki;Core;Informacyjna;8;9;7;3;7.55;P3;https://pl.pinterest.com/search/pins/?q=organizacja%20papieru%20toaletowego;https://pl.pinterest.com/ekubica0738/organizacja-%C5%82azienki/;DOMOWY RESET;Clean editorial;L01,L02,L06;LISTA,PROBLEM,PRODUCT;#F6F1E8/#20201E/#D85C4A
miejsce na zapas kosmetyków;Organizacja łazienki;Long-tail;Informacyjna;8;9;7;3;7.55;P3;https://pl.pinterest.com/search/pins/?q=miejsce%20na%20zapas%20kosmetyk%C3%B3w;https://pl.pinterest.com/ekubica0738/organizacja-%C5%82azienki/;DOMOWY RESET;Clean editorial;L01,L02,L06;LISTA,PROBLEM,PRODUCT;#F6F1E8/#20201E/#D85C4A
organizacja łazienki małym kosztem;Organizacja łazienki;Long-tail;Informacyjna;9;9;7;3;7.9;P3;https://pl.pinterest.com/search/pins/?q=organizacja%20%C5%82azienki%20ma%C5%82ym%20kosztem;https://pl.pinterest.com/ekubica0738/organizacja-%C5%82azienki/;DOMOWY RESET;Clean editorial;L01,L02,L06;LISTA,PROBLEM,PRODUCT;#F6F1E8/#20201E/#D85C4A
organizacja łazienki dla rodziny;Organizacja łazienki;Long-tail;Informacyjna;8;9;7;3;7.55;P3;https://pl.pinterest.com/search/pins/?q=organizacja%20%C5%82azienki%20dla%20rodziny;https://pl.pinterest.com/ekubica0738/organizacja-%C5%82azienki/;DOMOWY RESET;Clean editorial;L01,L02,L06;LISTA,PROBLEM,PRODUCT;#F6F1E8/#20201E/#D85C4A
organizacja łazienki w małym mieszkaniu;Organizacja łazienki;Long-tail;Informacyjna;9;9;7;3;7.9;P3;https://pl.pinterest.com/search/pins/?q=organizacja%20%C5%82azienki%20w%20ma%C5%82ym%20mieszkaniu;https://pl.pinterest.com/ekubica0738/organizacja-%C5%82azienki/;DOMOWY RESET;Clean editorial;L01,L02,L06;LISTA,PROBLEM,PRODUCT;#F6F1E8/#20201E/#D85C4A
praktyczna organizacja łazienki;Organizacja łazienki;Core;Informacyjna;8;9;7;3;7.55;P3;https://pl.pinterest.com/search/pins/?q=praktyczna%20organizacja%20%C5%82azienki;https://pl.pinterest.com/ekubica0738/organizacja-%C5%82azienki/;DOMOWY RESET;Clean editorial;L01,L02,L06;LISTA,PROBLEM,PRODUCT;#F6F1E8/#20201E/#D85C4A
ładna organizacja łazienki;Organizacja łazienki;Core;Informacyjna;8;9;7;3;7.55;P3;https://pl.pinterest.com/search/pins/?q=%C5%82adna%20organizacja%20%C5%82azienki;https://pl.pinterest.com/ekubica0738/organizacja-%C5%82azienki/;DOMOWY RESET;Clean editorial;L01,L02,L06;LISTA,PROBLEM,PRODUCT;#F6F1E8/#20201E/#D85C4A
storage łazienka;Organizacja łazienki;Core;Informacyjna;8;9;7;3;7.55;P3;https://pl.pinterest.com/search/pins/?q=storage%20%C5%82azienka;https://pl.pinterest.com/ekubica0738/organizacja-%C5%82azienki/;DOMOWY RESET;Clean editorial;L01,L02,L06;LISTA,PROBLEM,PRODUCT;#F6F1E8/#20201E/#D85C4A
łazienka japandi;Organizacja łazienki;Core;Informacyjna;8;9;7;3;7.55;P3;https://pl.pinterest.com/search/pins/?q=%C5%82azienka%20japandi;https://pl.pinterest.com/ekubica0738/organizacja-%C5%82azienki/;DOMOWY RESET;Clean editorial;L01,L02,L06;LISTA,PROBLEM,PRODUCT;#F6F1E8/#20201E/#D85C4A
łazienka minimalistyczna inspiracje;Organizacja łazienki;Core;Informacyjna;8;9;7;3;7.55;P3;https://pl.pinterest.com/search/pins/?q=%C5%82azienka%20minimalistyczna%20inspiracje;https://pl.pinterest.com/ekubica0738/organizacja-%C5%82azienki/;DOMOWY RESET;Clean editorial;L01,L02,L06;LISTA,PROBLEM,PRODUCT;#F6F1E8/#20201E/#D85C4A
sprzątanie domu;Sprzątanie i porządki;Core;Informacyjna;9;8;7;4;7.7;P3;https://pl.pinterest.com/search/pins/?q=sprz%C4%85tanie%20domu;https://newsroom.pinterest.com/en-ca/news/spring-trend-report-2026/;DOMOWY RESET;Clean editorial;L01,L02,L06;LISTA,PROBLEM,PRODUCT;#F6F1E8/#20201E/#D85C4A
sprzątanie mieszkania;Sprzątanie i porządki;Core;Informacyjna;9;8;7;4;7.7;P3;https://pl.pinterest.com/search/pins/?q=sprz%C4%85tanie%20mieszkania;https://newsroom.pinterest.com/en-ca/news/spring-trend-report-2026/;DOMOWY RESET;Clean editorial;L01,L02,L06;LISTA,PROBLEM,PRODUCT;#F6F1E8/#20201E/#D85C4A
plan sprzątania domu;Sprzątanie i porządki;Core;Informacyjna;9;8;7;4;7.7;P3;https://pl.pinterest.com/search/pins/?q=plan%20sprz%C4%85tania%20domu;https://newsroom.pinterest.com/en-ca/news/spring-trend-report-2026/;DOMOWY RESET;Clean editorial;L01,L02,L06;LISTA,PROBLEM,PRODUCT;#F6F1E8/#20201E/#D85C4A
tygodniowy plan sprzątania;Sprzątanie i porządki;Core;Informacyjna;9;8;7;4;7.7;P3;https://pl.pinterest.com/search/pins/?q=tygodniowy%20plan%20sprz%C4%85tania;https://newsroom.pinterest.com/en-ca/news/spring-trend-report-2026/;DOMOWY RESET;Clean editorial;L01,L02,L06;LISTA,PROBLEM,PRODUCT;#F6F1E8/#20201E/#D85C4A
miesięczny plan sprzątania;Sprzątanie i porządki;Core;Informacyjna;9;8;7;4;7.7;P3;https://pl.pinterest.com/search/pins/?q=miesi%C4%99czny%20plan%20sprz%C4%85tania;https://newsroom.pinterest.com/en-ca/news/spring-trend-report-2026/;DOMOWY RESET;Clean editorial;L01,L02,L06;LISTA,PROBLEM,PRODUCT;#F6F1E8/#20201E/#D85C4A
lista sprzątania domu;Sprzątanie i porządki;Core;Informacyjna;9;8;7;4;7.7;P3;https://pl.pinterest.com/search/pins/?q=lista%20sprz%C4%85tania%20domu;https://newsroom.pinterest.com/en-ca/news/spring-trend-report-2026/;DOMOWY RESET;Clean editorial;L01,L02,L06;LISTA,PROBLEM,PRODUCT;#F6F1E8/#20201E/#D85C4A
lista sprzątania pomieszczeń;Sprzątanie i porządki;Core;Informacyjna;9;8;7;4;7.7;P3;https://pl.pinterest.com/search/pins/?q=lista%20sprz%C4%85tania%20pomieszcze%C5%84;https://newsroom.pinterest.com/en-ca/news/spring-trend-report-2026/;DOMOWY RESET;Clean editorial;L01,L02,L06;LISTA,PROBLEM,PRODUCT;#F6F1E8/#20201E/#D85C4A
generalne porządki;Sprzątanie i porządki;Core;Informacyjna;9;8;7;4;7.7;P3;https://pl.pinterest.com/search/pins/?q=generalne%20porz%C4%85dki;https://newsroom.pinterest.com/en-ca/news/spring-trend-report-2026/;DOMOWY RESET;Clean editorial;L01,L02,L06;LISTA,PROBLEM,PRODUCT;#F6F1E8/#20201E/#D85C4A
wiosenne porządki;Sprzątanie i porządki;Core;Informacyjna;9;8;7;4;7.7;P3;https://pl.pinterest.com/search/pins/?q=wiosenne%20porz%C4%85dki;https://newsroom.pinterest.com/en-ca/news/spring-trend-report-2026/;DOMOWY RESET;Clean editorial;L01,L02,L06;LISTA,PROBLEM,PRODUCT;#F6F1E8/#20201E/#D85C4A
jesienne porządki;Sprzątanie i porządki;Core;Informacyjna;9;8;7;4;7.7;P3;https://pl.pinterest.com/search/pins/?q=jesienne%20porz%C4%85dki;https://newsroom.pinterest.com/en-ca/news/spring-trend-report-2026/;DOMOWY RESET;Clean editorial;L01,L02,L06;LISTA,PROBLEM,PRODUCT;#F6F1E8/#20201E/#D85C4A
sprzątanie krok po kroku;Sprzątanie i porządki;Long-tail;Informacyjna;9;8;7;4;7.7;P3;https://pl.pinterest.com/search/pins/?q=sprz%C4%85tanie%20krok%20po%20kroku;https://newsroom.pinterest.com/en-ca/news/spring-trend-report-2026/;DOMOWY RESET;Clean editorial;L01,L02,L06;LISTA,PROBLEM,PRODUCT;#F6F1E8/#20201E/#D85C4A
jak szybko posprzątać dom;Sprzątanie i porządki;Long-tail;Informacyjna;9;8;7;4;7.7;P3;https://pl.pinterest.com/search/pins/?q=jak%20szybko%20posprz%C4%85ta%C4%87%20dom;https://newsroom.pinterest.com/en-ca/news/spring-trend-report-2026/;DOMOWY RESET;Clean editorial;L01,L02,L06;LISTA,PROBLEM,PRODUCT;#F6F1E8/#20201E/#D85C4A
jak utrzymać czysty dom;Sprzątanie i porządki;Long-tail;Informacyjna;9;8;7;4;7.7;P3;https://pl.pinterest.com/search/pins/?q=jak%20utrzyma%C4%87%20czysty%20dom;https://newsroom.pinterest.com/en-ca/news/spring-trend-report-2026/;DOMOWY RESET;Clean editorial;L01,L02,L06;LISTA,PROBLEM,PRODUCT;#F6F1E8/#20201E/#D85C4A
rutyna sprzątania;Sprzątanie i porządki;Core;Informacyjna;9;8;7;4;7.7;P3;https://pl.pinterest.com/search/pins/?q=rutyna%20sprz%C4%85tania;https://newsroom.pinterest.com/en-ca/news/spring-trend-report-2026/;DOMOWY RESET;Clean editorial;L01,L02,L06;LISTA,PROBLEM,PRODUCT;#F6F1E8/#20201E/#D85C4A
codzienne sprzątanie;Sprzątanie i porządki;Core;Informacyjna;9;8;7;4;7.7;P3;https://pl.pinterest.com/search/pins/?q=codzienne%20sprz%C4%85tanie;https://newsroom.pinterest.com/en-ca/news/spring-trend-report-2026/;DOMOWY RESET;Clean editorial;L01,L02,L06;LISTA,PROBLEM,PRODUCT;#F6F1E8/#20201E/#D85C4A
sprzątanie kuchni;Sprzątanie i porządki;Core;Informacyjna;9;8;7;4;7.7;P3;https://pl.pinterest.com/search/pins/?q=sprz%C4%85tanie%20kuchni;https://newsroom.pinterest.com/en-ca/news/spring-trend-report-2026/;DOMOWY RESET;Clean editorial;L01,L02,L06;LISTA,PROBLEM,PRODUCT;#F6F1E8/#20201E/#D85C4A
sprzątanie łazienki;Sprzątanie i porządki;Core;Informacyjna;9;8;7;4;7.7;P3;https://pl.pinterest.com/search/pins/?q=sprz%C4%85tanie%20%C5%82azienki;https://newsroom.pinterest.com/en-ca/news/spring-trend-report-2026/;DOMOWY RESET;Clean editorial;L01,L02,L06;LISTA,PROBLEM,PRODUCT;#F6F1E8/#20201E/#D85C4A
sprzątanie sypialni;Sprzątanie i porządki;Core;Informacyjna;9;8;7;4;7.7;P3;https://pl.pinterest.com/search/pins/?q=sprz%C4%85tanie%20sypialni;https://newsroom.pinterest.com/en-ca/news/spring-trend-report-2026/;DOMOWY RESET;Clean editorial;L01,L02,L06;LISTA,PROBLEM,PRODUCT;#F6F1E8/#20201E/#D85C4A
sprzątanie salonu;Sprzątanie i porządki;Core;Informacyjna;9;8;7;4;7.7;P3;https://pl.pinterest.com/search/pins/?q=sprz%C4%85tanie%20salonu;https://newsroom.pinterest.com/en-ca/news/spring-trend-report-2026/;DOMOWY RESET;Clean editorial;L01,L02,L06;LISTA,PROBLEM,PRODUCT;#F6F1E8/#20201E/#D85C4A
sprzątanie przedpokoju;Sprzątanie i porządki;Core;Informacyjna;9;8;7;4;7.7;P3;https://pl.pinterest.com/search/pins/?q=sprz%C4%85tanie%20przedpokoju;https://newsroom.pinterest.com/en-ca/news/spring-trend-report-2026/;DOMOWY RESET;Clean editorial;L01,L02,L06;LISTA,PROBLEM,PRODUCT;#F6F1E8/#20201E/#D85C4A
sprzątanie lodówki;Sprzątanie i porządki;Core;Informacyjna;9;8;7;4;7.7;P3;https://pl.pinterest.com/search/pins/?q=sprz%C4%85tanie%20lod%C3%B3wki;https://newsroom.pinterest.com/en-ca/news/spring-trend-report-2026/;DOMOWY RESET;Clean editorial;L01,L02,L06;LISTA,PROBLEM,PRODUCT;#F6F1E8/#20201E/#D85C4A
sprzątanie piekarnika;Sprzątanie i porządki;Core;Informacyjna;9;8;7;4;7.7;P3;https://pl.pinterest.com/search/pins/?q=sprz%C4%85tanie%20piekarnika;https://newsroom.pinterest.com/en-ca/news/spring-trend-report-2026/;DOMOWY RESET;Clean editorial;L01,L02,L06;LISTA,PROBLEM,PRODUCT;#F6F1E8/#20201E/#D85C4A
sprzątanie pralki;Sprzątanie i porządki;Core;Informacyjna;9;8;7;4;7.7;P3;https://pl.pinterest.com/search/pins/?q=sprz%C4%85tanie%20pralki;https://newsroom.pinterest.com/en-ca/news/spring-trend-report-2026/;DOMOWY RESET;Clean editorial;L01,L02,L06;LISTA,PROBLEM,PRODUCT;#F6F1E8/#20201E/#D85C4A
sprzątanie zmywarki;Sprzątanie i porządki;Core;Informacyjna;9;8;7;4;7.7;P3;https://pl.pinterest.com/search/pins/?q=sprz%C4%85tanie%20zmywarki;https://newsroom.pinterest.com/en-ca/news/spring-trend-report-2026/;DOMOWY RESET;Clean editorial;L01,L02,L06;LISTA,PROBLEM,PRODUCT;#F6F1E8/#20201E/#D85C4A
sprzątanie kanapy;Sprzątanie i porządki;Core;Informacyjna;9;8;7;4;7.7;P3;https://pl.pinterest.com/search/pins/?q=sprz%C4%85tanie%20kanapy;https://newsroom.pinterest.com/en-ca/news/spring-trend-report-2026/;DOMOWY RESET;Clean editorial;L01,L02,L06;LISTA,PROBLEM,PRODUCT;#F6F1E8/#20201E/#D85C4A
sprzątanie dywanu;Sprzątanie i porządki;Core;Informacyjna;9;8;7;4;7.7;P3;https://pl.pinterest.com/search/pins/?q=sprz%C4%85tanie%20dywanu;https://newsroom.pinterest.com/en-ca/news/spring-trend-report-2026/;DOMOWY RESET;Clean editorial;L01,L02,L06;LISTA,PROBLEM,PRODUCT;#F6F1E8/#20201E/#D85C4A
sprzątanie okien;Sprzątanie i porządki;Core;Informacyjna;9;8;7;4;7.7;P3;https://pl.pinterest.com/search/pins/?q=sprz%C4%85tanie%20okien;https://newsroom.pinterest.com/en-ca/news/spring-trend-report-2026/;DOMOWY RESET;Clean editorial;L01,L02,L06;LISTA,PROBLEM,PRODUCT;#F6F1E8/#20201E/#D85C4A
triki na sprzątanie;Sprzątanie i porządki;Core;Informacyjna;9;8;7;4;7.7;P3;https://pl.pinterest.com/search/pins/?q=triki%20na%20sprz%C4%85tanie;https://newsroom.pinterest.com/en-ca/news/spring-trend-report-2026/;DOMOWY RESET;Clean editorial;L01,L02,L06;LISTA,PROBLEM,PRODUCT;#F6F1E8/#20201E/#D85C4A
sposoby na sprzątanie;Sprzątanie i porządki;Core;Informacyjna;9;8;7;4;7.7;P3;https://pl.pinterest.com/search/pins/?q=sposoby%20na%20sprz%C4%85tanie;https://newsroom.pinterest.com/en-ca/news/spring-trend-report-2026/;DOMOWY RESET;Clean editorial;L01,L02,L06;LISTA,PROBLEM,PRODUCT;#F6F1E8/#20201E/#D85C4A
domowe sposoby na sprzątanie;Sprzątanie i porządki;Long-tail;Informacyjna;9;8;7;4;7.7;P3;https://pl.pinterest.com/search/pins/?q=domowe%20sposoby%20na%20sprz%C4%85tanie;https://newsroom.pinterest.com/en-ca/news/spring-trend-report-2026/;DOMOWY RESET;Clean editorial;L01,L02,L06;LISTA,PROBLEM,PRODUCT;#F6F1E8/#20201E/#D85C4A
naturalne środki czystości;Sprzątanie i porządki;Core;Informacyjna;9;8;7;4;7.7;P3;https://pl.pinterest.com/search/pins/?q=naturalne%20%C5%9Brodki%20czysto%C5%9Bci;https://newsroom.pinterest.com/en-ca/news/spring-trend-report-2026/;DOMOWY RESET;Clean editorial;L01,L02,L06;LISTA,PROBLEM,PRODUCT;#F6F1E8/#20201E/#D85C4A
ekologiczne sprzątanie;Sprzątanie i porządki;Core;Informacyjna;9;8;7;4;7.7;P3;https://pl.pinterest.com/search/pins/?q=ekologiczne%20sprz%C4%85tanie;https://newsroom.pinterest.com/en-ca/news/spring-trend-report-2026/;DOMOWY RESET;Clean editorial;L01,L02,L06;LISTA,PROBLEM,PRODUCT;#F6F1E8/#20201E/#D85C4A
sprzątanie octem;Sprzątanie i porządki;Core;Informacyjna;9;8;7;4;7.7;P3;https://pl.pinterest.com/search/pins/?q=sprz%C4%85tanie%20octem;https://newsroom.pinterest.com/en-ca/news/spring-trend-report-2026/;DOMOWY RESET;Clean editorial;L01,L02,L06;LISTA,PROBLEM,PRODUCT;#F6F1E8/#20201E/#D85C4A
sprzątanie sodą;Sprzątanie i porządki;Core;Informacyjna;9;8;7;4;7.7;P3;https://pl.pinterest.com/search/pins/?q=sprz%C4%85tanie%20sod%C4%85;https://newsroom.pinterest.com/en-ca/news/spring-trend-report-2026/;DOMOWY RESET;Clean editorial;L01,L02,L06;LISTA,PROBLEM,PRODUCT;#F6F1E8/#20201E/#D85C4A
naturalne sprzątanie domu;Sprzątanie i porządki;Core;Informacyjna;9;8;7;4;7.7;P3;https://pl.pinterest.com/search/pins/?q=naturalne%20sprz%C4%85tanie%20domu;https://newsroom.pinterest.com/en-ca/news/spring-trend-report-2026/;DOMOWY RESET;Clean editorial;L01,L02,L06;LISTA,PROBLEM,PRODUCT;#F6F1E8/#20201E/#D85C4A
checklista sprzątania;Sprzątanie i porządki;Core;Informacyjna;9;8;7;4;7.7;P3;https://pl.pinterest.com/search/pins/?q=checklista%20sprz%C4%85tania;https://newsroom.pinterest.com/en-ca/news/spring-trend-report-2026/;DOMOWY RESET;Clean editorial;L01,L02,L06;LISTA,PROBLEM,PRODUCT;#F6F1E8/#20201E/#D85C4A
plan sprzątania dla rodziny;Sprzątanie i porządki;Long-tail;Informacyjna;9;8;7;4;7.7;P3;https://pl.pinterest.com/search/pins/?q=plan%20sprz%C4%85tania%20dla%20rodziny;https://newsroom.pinterest.com/en-ca/news/spring-trend-report-2026/;DOMOWY RESET;Clean editorial;L01,L02,L06;LISTA,PROBLEM,PRODUCT;#F6F1E8/#20201E/#D85C4A
plan sprzątania dla zapracowanych;Sprzątanie i porządki;Long-tail;Informacyjna;9;8;7;4;7.7;P3;https://pl.pinterest.com/search/pins/?q=plan%20sprz%C4%85tania%20dla%20zapracowanych;https://newsroom.pinterest.com/en-ca/news/spring-trend-report-2026/;DOMOWY RESET;Clean editorial;L01,L02,L06;LISTA,PROBLEM,PRODUCT;#F6F1E8/#20201E/#D85C4A
szybkie sprzątanie;Sprzątanie i porządki;Core;Informacyjna;9;8;7;4;7.7;P3;https://pl.pinterest.com/search/pins/?q=szybkie%20sprz%C4%85tanie;https://newsroom.pinterest.com/en-ca/news/spring-trend-report-2026/;DOMOWY RESET;Clean editorial;L01,L02,L06;LISTA,PROBLEM,PRODUCT;#F6F1E8/#20201E/#D85C4A
reset domu sprzątanie;Sprzątanie i porządki;Core;Informacyjna;9;8;7;4;7.7;P3;https://pl.pinterest.com/search/pins/?q=reset%20domu%20sprz%C4%85tanie;https://newsroom.pinterest.com/en-ca/news/spring-trend-report-2026/;DOMOWY RESET;Clean editorial;L01,L02,L06;LISTA,PROBLEM,PRODUCT;#F6F1E8/#20201E/#D85C4A
sprzątanie małego mieszkania;Sprzątanie i porządki;Core;Informacyjna;10;8;7;4;8.05;P3;https://pl.pinterest.com/search/pins/?q=sprz%C4%85tanie%20ma%C5%82ego%20mieszkania;https://newsroom.pinterest.com/en-ca/news/spring-trend-report-2026/;DOMOWY RESET;Clean editorial;L01,L02,L06;LISTA,PROBLEM,PRODUCT;#F6F1E8/#20201E/#D85C4A
minimalistyczne sprzątanie;Sprzątanie i porządki;Core;Informacyjna;9;8;7;4;7.7;P3;https://pl.pinterest.com/search/pins/?q=minimalistyczne%20sprz%C4%85tanie;https://newsroom.pinterest.com/en-ca/news/spring-trend-report-2026/;DOMOWY RESET;Clean editorial;L01,L02,L06;LISTA,PROBLEM,PRODUCT;#F6F1E8/#20201E/#D85C4A
dekoracje wnętrz;Dekoracje wnętrz;Core;Informacyjna;10;9;8;4;8.6;P2;https://pl.pinterest.com/search/pins/?q=dekoracje%20wn%C4%99trz;https://pl.pinterest.com/apatyvja/dekoracje-wn%C4%99trz/;DOMOWY RESET;Clean editorial;L01,L02,L06;LISTA,PROBLEM,PRODUCT;#F6F1E8/#20201E/#D85C4A
dekoracja wnętrz;Dekoracje wnętrz;Core;Informacyjna;10;9;8;4;8.6;P2;https://pl.pinterest.com/search/pins/?q=dekoracja%20wn%C4%99trz;https://pl.pinterest.com/apatyvja/dekoracje-wn%C4%99trz/;DOMOWY RESET;Clean editorial;L01,L02,L06;LISTA,PROBLEM,PRODUCT;#F6F1E8/#20201E/#D85C4A
wystrój wnętrz;Dekoracje wnętrz;Core;Informacyjna;10;9;8;4;8.6;P2;https://pl.pinterest.com/search/pins/?q=wystr%C3%B3j%20wn%C4%99trz;https://pl.pinterest.com/apatyvja/dekoracje-wn%C4%99trz/;DOMOWY RESET;Clean editorial;L01,L02,L06;LISTA,PROBLEM,PRODUCT;#F6F1E8/#20201E/#D85C4A
pomysły na dekoracje;Dekoracje wnętrz;Core;Informacyjna;10;9;8;4;8.6;P2;https://pl.pinterest.com/search/pins/?q=pomys%C5%82y%20na%20dekoracje;https://pl.pinterest.com/apatyvja/dekoracje-wn%C4%99trz/;DOMOWY RESET;Clean editorial;L01,L02,L06;LISTA,PROBLEM,PRODUCT;#F6F1E8/#20201E/#D85C4A
dekoracje do domu;Dekoracje wnętrz;Core;Informacyjna;10;9;8;4;8.6;P2;https://pl.pinterest.com/search/pins/?q=dekoracje%20do%20domu;https://pl.pinterest.com/apatyvja/dekoracje-wn%C4%99trz/;DOMOWY RESET;Clean editorial;L01,L02,L06;LISTA,PROBLEM,PRODUCT;#F6F1E8/#20201E/#D85C4A
dekoracje salonu;Dekoracje wnętrz;Core;Informacyjna;10;9;8;4;8.6;P2;https://pl.pinterest.com/search/pins/?q=dekoracje%20salonu;https://pl.pinterest.com/apatyvja/dekoracje-wn%C4%99trz/;DOMOWY RESET;Clean editorial;L01,L02,L06;LISTA,PROBLEM,PRODUCT;#F6F1E8/#20201E/#D85C4A
dekoracje sypialni;Dekoracje wnętrz;Core;Informacyjna;10;9;8;4;8.6;P2;https://pl.pinterest.com/search/pins/?q=dekoracje%20sypialni;https://pl.pinterest.com/apatyvja/dekoracje-wn%C4%99trz/;DOMOWY RESET;Clean editorial;L01,L02,L06;LISTA,PROBLEM,PRODUCT;#F6F1E8/#20201E/#D85C4A
dekoracje kuchni;Dekoracje wnętrz;Core;Informacyjna;10;9;8;4;8.6;P2;https://pl.pinterest.com/search/pins/?q=dekoracje%20kuchni;https://pl.pinterest.com/apatyvja/dekoracje-wn%C4%99trz/;DOMOWY RESET;Clean editorial;L01,L02,L06;LISTA,PROBLEM,PRODUCT;#F6F1E8/#20201E/#D85C4A
dekoracje łazienki;Dekoracje wnętrz;Core;Informacyjna;10;9;8;4;8.6;P2;https://pl.pinterest.com/search/pins/?q=dekoracje%20%C5%82azienki;https://pl.pinterest.com/apatyvja/dekoracje-wn%C4%99trz/;DOMOWY RESET;Clean editorial;L01,L02,L06;LISTA,PROBLEM,PRODUCT;#F6F1E8/#20201E/#D85C4A
dekoracje przedpokoju;Dekoracje wnętrz;Core;Informacyjna;10;9;8;4;8.6;P2;https://pl.pinterest.com/search/pins/?q=dekoracje%20przedpokoju;https://pl.pinterest.com/apatyvja/dekoracje-wn%C4%99trz/;DOMOWY RESET;Clean editorial;L01,L02,L06;LISTA,PROBLEM,PRODUCT;#F6F1E8/#20201E/#D85C4A
dekoracje na ścianę;Dekoracje wnętrz;Core;Informacyjna;10;9;8;4;8.6;P2;https://pl.pinterest.com/search/pins/?q=dekoracje%20na%20%C5%9Bcian%C4%99;https://pl.pinterest.com/apatyvja/dekoracje-wn%C4%99trz/;DOMOWY RESET;Clean editorial;L01,L02,L06;LISTA,PROBLEM,PRODUCT;#F6F1E8/#20201E/#D85C4A
dekoracje stołu;Dekoracje wnętrz;Core;Informacyjna;10;9;8;4;8.6;P2;https://pl.pinterest.com/search/pins/?q=dekoracje%20sto%C5%82u;https://pl.pinterest.com/apatyvja/dekoracje-wn%C4%99trz/;DOMOWY RESET;Clean editorial;L01,L02,L06;LISTA,PROBLEM,PRODUCT;#F6F1E8/#20201E/#D85C4A
dekoracje półki;Dekoracje wnętrz;Long-tail;Komercyjna;10;10;9;4;9.15;P1;https://pl.pinterest.com/search/pins/?q=dekoracje%20p%C3%B3%C5%82ki;https://pl.pinterest.com/apatyvja/dekoracje-wn%C4%99trz/;DOMOWY RESET;Clean editorial;L01,L02,L06;LISTA,PROBLEM,PRODUCT;#F6F1E8/#20201E/#D85C4A
dekoracje komody;Dekoracje wnętrz;Core;Informacyjna;10;9;8;4;8.6;P2;https://pl.pinterest.com/search/pins/?q=dekoracje%20komody;https://pl.pinterest.com/apatyvja/dekoracje-wn%C4%99trz/;DOMOWY RESET;Clean editorial;L01,L02,L06;LISTA,PROBLEM,PRODUCT;#F6F1E8/#20201E/#D85C4A
dekoracje nad kanapą;Dekoracje wnętrz;Core;Informacyjna;10;9;8;4;8.6;P2;https://pl.pinterest.com/search/pins/?q=dekoracje%20nad%20kanap%C4%85;https://pl.pinterest.com/apatyvja/dekoracje-wn%C4%99trz/;DOMOWY RESET;Clean editorial;L01,L02,L06;LISTA,PROBLEM,PRODUCT;#F6F1E8/#20201E/#D85C4A
tanie dekoracje do domu;Dekoracje wnętrz;Long-tail;Informacyjna;10;9;8;4;8.6;P2;https://pl.pinterest.com/search/pins/?q=tanie%20dekoracje%20do%20domu;https://pl.pinterest.com/apatyvja/dekoracje-wn%C4%99trz/;DOMOWY RESET;Clean editorial;L01,L02,L06;LISTA,PROBLEM,PRODUCT;#F6F1E8/#20201E/#D85C4A
dekoracje do mieszkania;Dekoracje wnętrz;Core;Informacyjna;10;9;8;4;8.6;P2;https://pl.pinterest.com/search/pins/?q=dekoracje%20do%20mieszkania;https://pl.pinterest.com/apatyvja/dekoracje-wn%C4%99trz/;DOMOWY RESET;Clean editorial;L01,L02,L06;LISTA,PROBLEM,PRODUCT;#F6F1E8/#20201E/#D85C4A
inspiracje wnętrz;Dekoracje wnętrz;Core;Informacyjna;10;9;8;4;8.6;P2;https://pl.pinterest.com/search/pins/?q=inspiracje%20wn%C4%99trz;https://pl.pinterest.com/apatyvja/dekoracje-wn%C4%99trz/;DOMOWY RESET;Clean editorial;L01,L02,L06;LISTA,PROBLEM,PRODUCT;#F6F1E8/#20201E/#D85C4A
przytulne wnętrza;Dekoracje wnętrz;Core;Informacyjna;10;9;8;4;8.6;P2;https://pl.pinterest.com/search/pins/?q=przytulne%20wn%C4%99trza;https://pl.pinterest.com/apatyvja/dekoracje-wn%C4%99trz/;DOMOWY RESET;Clean editorial;L01,L02,L06;LISTA,PROBLEM,PRODUCT;#F6F1E8/#20201E/#D85C4A
nowoczesne wnętrza;Dekoracje wnętrz;Core;Informacyjna;10;9;8;4;8.6;P2;https://pl.pinterest.com/search/pins/?q=nowoczesne%20wn%C4%99trza;https://pl.pinterest.com/apatyvja/dekoracje-wn%C4%99trz/;DOMOWY RESET;Clean editorial;L01,L02,L06;LISTA,PROBLEM,PRODUCT;#F6F1E8/#20201E/#D85C4A
minimalistyczne wnętrza;Dekoracje wnętrz;Core;Informacyjna;10;9;8;4;8.6;P2;https://pl.pinterest.com/search/pins/?q=minimalistyczne%20wn%C4%99trza;https://pl.pinterest.com/apatyvja/dekoracje-wn%C4%99trz/;DOMOWY RESET;Clean editorial;L01,L02,L06;LISTA,PROBLEM,PRODUCT;#F6F1E8/#20201E/#D85C4A
skandynawskie wnętrza;Dekoracje wnętrz;Core;Informacyjna;10;9;8;4;8.6;P2;https://pl.pinterest.com/search/pins/?q=skandynawskie%20wn%C4%99trza;https://pl.pinterest.com/apatyvja/dekoracje-wn%C4%99trz/;DOMOWY RESET;Clean editorial;L01,L02,L06;LISTA,PROBLEM,PRODUCT;#F6F1E8/#20201E/#D85C4A
japandi wnętrza;Dekoracje wnętrz;Core;Informacyjna;10;9;8;4;8.6;P2;https://pl.pinterest.com/search/pins/?q=japandi%20wn%C4%99trza;https://pl.pinterest.com/apatyvja/dekoracje-wn%C4%99trz/;DOMOWY RESET;Clean editorial;L01,L02,L06;LISTA,PROBLEM,PRODUCT;#F6F1E8/#20201E/#D85C4A
boho wnętrza;Dekoracje wnętrz;Core;Informacyjna;10;9;8;4;8.6;P2;https://pl.pinterest.com/search/pins/?q=boho%20wn%C4%99trza;https://pl.pinterest.com/apatyvja/dekoracje-wn%C4%99trz/;DOMOWY RESET;Clean editorial;L01,L02,L06;LISTA,PROBLEM,PRODUCT;#F6F1E8/#20201E/#D85C4A
loftowe wnętrza;Dekoracje wnętrz;Core;Informacyjna;10;9;8;4;8.6;P2;https://pl.pinterest.com/search/pins/?q=loftowe%20wn%C4%99trza;https://pl.pinterest.com/apatyvja/dekoracje-wn%C4%99trz/;DOMOWY RESET;Clean editorial;L01,L02,L06;LISTA,PROBLEM,PRODUCT;#F6F1E8/#20201E/#D85C4A
neutralne wnętrza;Dekoracje wnętrz;Core;Informacyjna;10;9;8;4;8.6;P2;https://pl.pinterest.com/search/pins/?q=neutralne%20wn%C4%99trza;https://pl.pinterest.com/apatyvja/dekoracje-wn%C4%99trz/;DOMOWY RESET;Clean editorial;L01,L02,L06;LISTA,PROBLEM,PRODUCT;#F6F1E8/#20201E/#D85C4A
kolorowe wnętrza;Dekoracje wnętrz;Core;Informacyjna;10;9;8;4;8.6;P2;https://pl.pinterest.com/search/pins/?q=kolorowe%20wn%C4%99trza;https://pl.pinterest.com/apatyvja/dekoracje-wn%C4%99trz/;DOMOWY RESET;Clean editorial;L01,L02,L06;LISTA,PROBLEM,PRODUCT;#F6F1E8/#20201E/#D85C4A
małe wnętrza inspiracje;Dekoracje wnętrz;Core;Informacyjna;10;9;8;4;8.6;P2;https://pl.pinterest.com/search/pins/?q=ma%C5%82e%20wn%C4%99trza%20inspiracje;https://pl.pinterest.com/apatyvja/dekoracje-wn%C4%99trz/;DOMOWY RESET;Clean editorial;L01,L02,L06;LISTA,PROBLEM,PRODUCT;#F6F1E8/#20201E/#D85C4A
dekoracja małego salonu;Dekoracje wnętrz;Core;Informacyjna;10;9;8;4;8.6;P2;https://pl.pinterest.com/search/pins/?q=dekoracja%20ma%C5%82ego%20salonu;https://pl.pinterest.com/apatyvja/dekoracje-wn%C4%99trz/;DOMOWY RESET;Clean editorial;L01,L02,L06;LISTA,PROBLEM,PRODUCT;#F6F1E8/#20201E/#D85C4A
dekoracja małej sypialni;Dekoracje wnętrz;Core;Informacyjna;10;9;8;4;8.6;P2;https://pl.pinterest.com/search/pins/?q=dekoracja%20ma%C5%82ej%20sypialni;https://pl.pinterest.com/apatyvja/dekoracje-wn%C4%99trz/;DOMOWY RESET;Clean editorial;L01,L02,L06;LISTA,PROBLEM,PRODUCT;#F6F1E8/#20201E/#D85C4A
dekoracja małej łazienki;Dekoracje wnętrz;Core;Informacyjna;10;9;8;4;8.6;P2;https://pl.pinterest.com/search/pins/?q=dekoracja%20ma%C5%82ej%20%C5%82azienki;https://pl.pinterest.com/apatyvja/dekoracje-wn%C4%99trz/;DOMOWY RESET;Clean editorial;L01,L02,L06;LISTA,PROBLEM,PRODUCT;#F6F1E8/#20201E/#D85C4A
dekoracje z roślin;Dekoracje wnętrz;Core;Informacyjna;10;9;8;4;8.6;P2;https://pl.pinterest.com/search/pins/?q=dekoracje%20z%20ro%C5%9Blin;https://pl.pinterest.com/apatyvja/dekoracje-wn%C4%99trz/;DOMOWY RESET;Clean editorial;L01,L02,L06;LISTA,PROBLEM,PRODUCT;#F6F1E8/#20201E/#D85C4A
dekoracje z luster;Dekoracje wnętrz;Core;Informacyjna;10;9;8;4;8.6;P2;https://pl.pinterest.com/search/pins/?q=dekoracje%20z%20luster;https://pl.pinterest.com/apatyvja/dekoracje-wn%C4%99trz/;DOMOWY RESET;Clean editorial;L01,L02,L06;LISTA,PROBLEM,PRODUCT;#F6F1E8/#20201E/#D85C4A
dekoracje z obrazów;Dekoracje wnętrz;Core;Informacyjna;10;9;8;4;8.6;P2;https://pl.pinterest.com/search/pins/?q=dekoracje%20z%20obraz%C3%B3w;https://pl.pinterest.com/apatyvja/dekoracje-wn%C4%99trz/;DOMOWY RESET;Clean editorial;L01,L02,L06;LISTA,PROBLEM,PRODUCT;#F6F1E8/#20201E/#D85C4A
dekoracje z plakatów;Dekoracje wnętrz;Core;Informacyjna;10;9;8;4;8.6;P2;https://pl.pinterest.com/search/pins/?q=dekoracje%20z%20plakat%C3%B3w;https://pl.pinterest.com/apatyvja/dekoracje-wn%C4%99trz/;DOMOWY RESET;Clean editorial;L01,L02,L06;LISTA,PROBLEM,PRODUCT;#F6F1E8/#20201E/#D85C4A
dekoracje DIY do domu;Dekoracje wnętrz;Long-tail;Informacyjna;10;9;8;4;8.6;P2;https://pl.pinterest.com/search/pins/?q=dekoracje%20DIY%20do%20domu;https://pl.pinterest.com/apatyvja/dekoracje-wn%C4%99trz/;DOMOWY RESET;Clean editorial;L01,L02,L06;LISTA,PROBLEM,PRODUCT;#F6F1E8/#20201E/#D85C4A
dekoracje budżetowe;Dekoracje wnętrz;Core;Informacyjna;10;9;8;4;8.6;P2;https://pl.pinterest.com/search/pins/?q=dekoracje%20bud%C5%BCetowe;https://pl.pinterest.com/apatyvja/dekoracje-wn%C4%99trz/;DOMOWY RESET;Clean editorial;L01,L02,L06;LISTA,PROBLEM,PRODUCT;#F6F1E8/#20201E/#D85C4A
estetyczny dom;Dekoracje wnętrz;Core;Informacyjna;10;9;8;4;8.6;P2;https://pl.pinterest.com/search/pins/?q=estetyczny%20dom;https://pl.pinterest.com/apatyvja/dekoracje-wn%C4%99trz/;DOMOWY RESET;Clean editorial;L01,L02,L06;LISTA,PROBLEM,PRODUCT;#F6F1E8/#20201E/#D85C4A
domowe dekoracje;Dekoracje wnętrz;Core;Informacyjna;10;9;8;4;8.6;P2;https://pl.pinterest.com/search/pins/?q=domowe%20dekoracje;https://pl.pinterest.com/apatyvja/dekoracje-wn%C4%99trz/;DOMOWY RESET;Clean editorial;L01,L02,L06;LISTA,PROBLEM,PRODUCT;#F6F1E8/#20201E/#D85C4A
jak urządzić przytulny dom;Dekoracje wnętrz;Long-tail;Informacyjna;10;9;8;4;8.6;P2;https://pl.pinterest.com/search/pins/?q=jak%20urz%C4%85dzi%C4%87%20przytulny%20dom;https://pl.pinterest.com/apatyvja/dekoracje-wn%C4%99trz/;DOMOWY RESET;Clean editorial;L01,L02,L06;LISTA,PROBLEM,PRODUCT;#F6F1E8/#20201E/#D85C4A
jak udekorować salon;Dekoracje wnętrz;Core;Informacyjna;10;9;8;4;8.6;P2;https://pl.pinterest.com/search/pins/?q=jak%20udekorowa%C4%87%20salon;https://pl.pinterest.com/apatyvja/dekoracje-wn%C4%99trz/;DOMOWY RESET;Clean editorial;L01,L02,L06;LISTA,PROBLEM,PRODUCT;#F6F1E8/#20201E/#D85C4A
jak udekorować sypialnię;Dekoracje wnętrz;Core;Informacyjna;10;9;8;4;8.6;P2;https://pl.pinterest.com/search/pins/?q=jak%20udekorowa%C4%87%20sypialni%C4%99;https://pl.pinterest.com/apatyvja/dekoracje-wn%C4%99trz/;DOMOWY RESET;Clean editorial;L01,L02,L06;LISTA,PROBLEM,PRODUCT;#F6F1E8/#20201E/#D85C4A
oświetlenie wnętrz;Oświetlenie wnętrz;Core;Informacyjna;7;9;9;3;7.7;P3;https://pl.pinterest.com/search/pins/?q=o%C5%9Bwietlenie%20wn%C4%99trz;https://pl.pinterest.com/ridipolska/o%C5%9Bwietlenie-wn%C4%99trz/;DOMOWY RESET;Clean editorial;L01,L02,L06;LISTA,PROBLEM,PRODUCT;#F6F1E8/#20201E/#D85C4A
oświetlenie domu;Oświetlenie wnętrz;Core;Informacyjna;7;9;9;3;7.7;P3;https://pl.pinterest.com/search/pins/?q=o%C5%9Bwietlenie%20domu;https://pl.pinterest.com/ridipolska/o%C5%9Bwietlenie-wn%C4%99trz/;DOMOWY RESET;Clean editorial;L01,L02,L06;LISTA,PROBLEM,PRODUCT;#F6F1E8/#20201E/#D85C4A
oświetlenie mieszkania;Oświetlenie wnętrz;Core;Informacyjna;7;9;9;3;7.7;P3;https://pl.pinterest.com/search/pins/?q=o%C5%9Bwietlenie%20mieszkania;https://pl.pinterest.com/ridipolska/o%C5%9Bwietlenie-wn%C4%99trz/;DOMOWY RESET;Clean editorial;L01,L02,L06;LISTA,PROBLEM,PRODUCT;#F6F1E8/#20201E/#D85C4A
oświetlenie salonu;Oświetlenie wnętrz;Core;Informacyjna;7;9;9;3;7.7;P3;https://pl.pinterest.com/search/pins/?q=o%C5%9Bwietlenie%20salonu;https://pl.pinterest.com/ridipolska/o%C5%9Bwietlenie-wn%C4%99trz/;DOMOWY RESET;Clean editorial;L01,L02,L06;LISTA,PROBLEM,PRODUCT;#F6F1E8/#20201E/#D85C4A
oświetlenie sypialni;Oświetlenie wnętrz;Core;Informacyjna;7;9;9;3;7.7;P3;https://pl.pinterest.com/search/pins/?q=o%C5%9Bwietlenie%20sypialni;https://pl.pinterest.com/ridipolska/o%C5%9Bwietlenie-wn%C4%99trz/;DOMOWY RESET;Clean editorial;L01,L02,L06;LISTA,PROBLEM,PRODUCT;#F6F1E8/#20201E/#D85C4A
oświetlenie kuchni;Oświetlenie wnętrz;Core;Informacyjna;7;9;9;3;7.7;P3;https://pl.pinterest.com/search/pins/?q=o%C5%9Bwietlenie%20kuchni;https://pl.pinterest.com/ridipolska/o%C5%9Bwietlenie-wn%C4%99trz/;DOMOWY RESET;Clean editorial;L01,L02,L06;LISTA,PROBLEM,PRODUCT;#F6F1E8/#20201E/#D85C4A
oświetlenie łazienki;Oświetlenie wnętrz;Core;Informacyjna;7;9;9;3;7.7;P3;https://pl.pinterest.com/search/pins/?q=o%C5%9Bwietlenie%20%C5%82azienki;https://pl.pinterest.com/ridipolska/o%C5%9Bwietlenie-wn%C4%99trz/;DOMOWY RESET;Clean editorial;L01,L02,L06;LISTA,PROBLEM,PRODUCT;#F6F1E8/#20201E/#D85C4A
oświetlenie przedpokoju;Oświetlenie wnętrz;Core;Informacyjna;7;9;9;3;7.7;P3;https://pl.pinterest.com/search/pins/?q=o%C5%9Bwietlenie%20przedpokoju;https://pl.pinterest.com/ridipolska/o%C5%9Bwietlenie-wn%C4%99trz/;DOMOWY RESET;Clean editorial;L01,L02,L06;LISTA,PROBLEM,PRODUCT;#F6F1E8/#20201E/#D85C4A
oświetlenie małego mieszkania;Oświetlenie wnętrz;Core;Informacyjna;8;9;9;3;8.05;P3;https://pl.pinterest.com/search/pins/?q=o%C5%9Bwietlenie%20ma%C5%82ego%20mieszkania;https://pl.pinterest.com/ridipolska/o%C5%9Bwietlenie-wn%C4%99trz/;DOMOWY RESET;Clean editorial;L01,L02,L06;LISTA,PROBLEM,PRODUCT;#F6F1E8/#20201E/#D85C4A
lampy do salonu;Oświetlenie wnętrz;Core;Komercyjna;7;10;10;3;8.25;P2;https://pl.pinterest.com/search/pins/?q=lampy%20do%20salonu;https://pl.pinterest.com/ridipolska/o%C5%9Bwietlenie-wn%C4%99trz/;DOMOWY RESET;Clean editorial;L01,L02,L06;LISTA,PROBLEM,PRODUCT;#F6F1E8/#20201E/#D85C4A
lampy do sypialni;Oświetlenie wnętrz;Core;Komercyjna;7;10;10;3;8.25;P2;https://pl.pinterest.com/search/pins/?q=lampy%20do%20sypialni;https://pl.pinterest.com/ridipolska/o%C5%9Bwietlenie-wn%C4%99trz/;DOMOWY RESET;Clean editorial;L01,L02,L06;LISTA,PROBLEM,PRODUCT;#F6F1E8/#20201E/#D85C4A
lampy do kuchni;Oświetlenie wnętrz;Core;Komercyjna;7;10;10;3;8.25;P2;https://pl.pinterest.com/search/pins/?q=lampy%20do%20kuchni;https://pl.pinterest.com/ridipolska/o%C5%9Bwietlenie-wn%C4%99trz/;DOMOWY RESET;Clean editorial;L01,L02,L06;LISTA,PROBLEM,PRODUCT;#F6F1E8/#20201E/#D85C4A
lampy do łazienki;Oświetlenie wnętrz;Core;Komercyjna;7;10;10;3;8.25;P2;https://pl.pinterest.com/search/pins/?q=lampy%20do%20%C5%82azienki;https://pl.pinterest.com/ridipolska/o%C5%9Bwietlenie-wn%C4%99trz/;DOMOWY RESET;Clean editorial;L01,L02,L06;LISTA,PROBLEM,PRODUCT;#F6F1E8/#20201E/#D85C4A
lampy stojące;Oświetlenie wnętrz;Core;Komercyjna;7;10;10;3;8.25;P2;https://pl.pinterest.com/search/pins/?q=lampy%20stoj%C4%85ce;https://pl.pinterest.com/ridipolska/o%C5%9Bwietlenie-wn%C4%99trz/;DOMOWY RESET;Clean editorial;L01,L02,L06;LISTA,PROBLEM,PRODUCT;#F6F1E8/#20201E/#D85C4A
lampy wiszące;Oświetlenie wnętrz;Core;Komercyjna;7;10;10;3;8.25;P2;https://pl.pinterest.com/search/pins/?q=lampy%20wisz%C4%85ce;https://pl.pinterest.com/ridipolska/o%C5%9Bwietlenie-wn%C4%99trz/;DOMOWY RESET;Clean editorial;L01,L02,L06;LISTA,PROBLEM,PRODUCT;#F6F1E8/#20201E/#D85C4A
lampy stołowe;Oświetlenie wnętrz;Core;Komercyjna;7;10;10;3;8.25;P2;https://pl.pinterest.com/search/pins/?q=lampy%20sto%C5%82owe;https://pl.pinterest.com/ridipolska/o%C5%9Bwietlenie-wn%C4%99trz/;DOMOWY RESET;Clean editorial;L01,L02,L06;LISTA,PROBLEM,PRODUCT;#F6F1E8/#20201E/#D85C4A
lampki nocne;Oświetlenie wnętrz;Core;Informacyjna;7;9;9;3;7.7;P3;https://pl.pinterest.com/search/pins/?q=lampki%20nocne;https://pl.pinterest.com/ridipolska/o%C5%9Bwietlenie-wn%C4%99trz/;DOMOWY RESET;Clean editorial;L01,L02,L06;LISTA,PROBLEM,PRODUCT;#F6F1E8/#20201E/#D85C4A
lampy dekoracyjne;Oświetlenie wnętrz;Core;Komercyjna;7;10;10;3;8.25;P2;https://pl.pinterest.com/search/pins/?q=lampy%20dekoracyjne;https://pl.pinterest.com/ridipolska/o%C5%9Bwietlenie-wn%C4%99trz/;DOMOWY RESET;Clean editorial;L01,L02,L06;LISTA,PROBLEM,PRODUCT;#F6F1E8/#20201E/#D85C4A
oświetlenie LED;Oświetlenie wnętrz;Core;Informacyjna;7;9;9;3;7.7;P3;https://pl.pinterest.com/search/pins/?q=o%C5%9Bwietlenie%20LED;https://pl.pinterest.com/ridipolska/o%C5%9Bwietlenie-wn%C4%99trz/;DOMOWY RESET;Clean editorial;L01,L02,L06;LISTA,PROBLEM,PRODUCT;#F6F1E8/#20201E/#D85C4A
taśmy LED w domu;Oświetlenie wnętrz;Long-tail;Informacyjna;7;9;9;3;7.7;P3;https://pl.pinterest.com/search/pins/?q=ta%C5%9Bmy%20LED%20w%20domu;https://pl.pinterest.com/ridipolska/o%C5%9Bwietlenie-wn%C4%99trz/;DOMOWY RESET;Clean editorial;L01,L02,L06;LISTA,PROBLEM,PRODUCT;#F6F1E8/#20201E/#D85C4A
oświetlenie szafy;Oświetlenie wnętrz;Core;Informacyjna;7;9;9;3;7.7;P3;https://pl.pinterest.com/search/pins/?q=o%C5%9Bwietlenie%20szafy;https://pl.pinterest.com/ridipolska/o%C5%9Bwietlenie-wn%C4%99trz/;DOMOWY RESET;Clean editorial;L01,L02,L06;LISTA,PROBLEM,PRODUCT;#F6F1E8/#20201E/#D85C4A
oświetlenie pod szafkami kuchennymi;Oświetlenie wnętrz;Long-tail;Komercyjna;7;9;10;3;7.95;P3;https://pl.pinterest.com/search/pins/?q=o%C5%9Bwietlenie%20pod%20szafkami%20kuchennymi;https://pl.pinterest.com/ridipolska/o%C5%9Bwietlenie-wn%C4%99trz/;DOMOWY RESET;Clean editorial;L01,L02,L06;LISTA,PROBLEM,PRODUCT;#F6F1E8/#20201E/#D85C4A
oświetlenie lustra;Oświetlenie wnętrz;Core;Informacyjna;7;9;9;3;7.7;P3;https://pl.pinterest.com/search/pins/?q=o%C5%9Bwietlenie%20lustra;https://pl.pinterest.com/ridipolska/o%C5%9Bwietlenie-wn%C4%99trz/;DOMOWY RESET;Clean editorial;L01,L02,L06;LISTA,PROBLEM,PRODUCT;#F6F1E8/#20201E/#D85C4A
oświetlenie nad stołem;Oświetlenie wnętrz;Core;Informacyjna;7;9;9;3;7.7;P3;https://pl.pinterest.com/search/pins/?q=o%C5%9Bwietlenie%20nad%20sto%C5%82em;https://pl.pinterest.com/ridipolska/o%C5%9Bwietlenie-wn%C4%99trz/;DOMOWY RESET;Clean editorial;L01,L02,L06;LISTA,PROBLEM,PRODUCT;#F6F1E8/#20201E/#D85C4A
oświetlenie nad wyspą kuchenną;Oświetlenie wnętrz;Long-tail;Informacyjna;7;9;9;3;7.7;P3;https://pl.pinterest.com/search/pins/?q=o%C5%9Bwietlenie%20nad%20wysp%C4%85%20kuchenn%C4%85;https://pl.pinterest.com/ridipolska/o%C5%9Bwietlenie-wn%C4%99trz/;DOMOWY RESET;Clean editorial;L01,L02,L06;LISTA,PROBLEM,PRODUCT;#F6F1E8/#20201E/#D85C4A
oświetlenie małej kuchni;Oświetlenie wnętrz;Core;Informacyjna;8;9;9;3;8.05;P3;https://pl.pinterest.com/search/pins/?q=o%C5%9Bwietlenie%20ma%C5%82ej%20kuchni;https://pl.pinterest.com/ridipolska/o%C5%9Bwietlenie-wn%C4%99trz/;DOMOWY RESET;Clean editorial;L01,L02,L06;LISTA,PROBLEM,PRODUCT;#F6F1E8/#20201E/#D85C4A
oświetlenie przytulne;Oświetlenie wnętrz;Core;Informacyjna;7;9;9;3;7.7;P3;https://pl.pinterest.com/search/pins/?q=o%C5%9Bwietlenie%20przytulne;https://pl.pinterest.com/ridipolska/o%C5%9Bwietlenie-wn%C4%99trz/;DOMOWY RESET;Clean editorial;L01,L02,L06;LISTA,PROBLEM,PRODUCT;#F6F1E8/#20201E/#D85C4A
ciepłe światło w domu;Oświetlenie wnętrz;Long-tail;Informacyjna;7;9;9;3;7.7;P3;https://pl.pinterest.com/search/pins/?q=ciep%C5%82e%20%C5%9Bwiat%C5%82o%20w%20domu;https://pl.pinterest.com/ridipolska/o%C5%9Bwietlenie-wn%C4%99trz/;DOMOWY RESET;Clean editorial;L01,L02,L06;LISTA,PROBLEM,PRODUCT;#F6F1E8/#20201E/#D85C4A
jak oświetlić salon;Oświetlenie wnętrz;Core;Informacyjna;7;9;9;3;7.7;P3;https://pl.pinterest.com/search/pins/?q=jak%20o%C5%9Bwietli%C4%87%20salon;https://pl.pinterest.com/ridipolska/o%C5%9Bwietlenie-wn%C4%99trz/;DOMOWY RESET;Clean editorial;L01,L02,L06;LISTA,PROBLEM,PRODUCT;#F6F1E8/#20201E/#D85C4A
jak oświetlić małe mieszkanie;Oświetlenie wnętrz;Long-tail;Informacyjna;8;9;9;3;8.05;P3;https://pl.pinterest.com/search/pins/?q=jak%20o%C5%9Bwietli%C4%87%20ma%C5%82e%20mieszkanie;https://pl.pinterest.com/ridipolska/o%C5%9Bwietlenie-wn%C4%99trz/;DOMOWY RESET;Clean editorial;L01,L02,L06;LISTA,PROBLEM,PRODUCT;#F6F1E8/#20201E/#D85C4A
jak dobrać lampy do salonu;Oświetlenie wnętrz;Long-tail;Hybrydowa;7;10;9;3;8;P3;https://pl.pinterest.com/search/pins/?q=jak%20dobra%C4%87%20lampy%20do%20salonu;https://pl.pinterest.com/ridipolska/o%C5%9Bwietlenie-wn%C4%99trz/;DOMOWY RESET;Clean editorial;L01,L02,L06;LISTA,PROBLEM,PRODUCT;#F6F1E8/#20201E/#D85C4A
jak dobrać oświetlenie do sypialni;Oświetlenie wnętrz;Long-tail;Informacyjna;7;9;9;3;7.7;P3;https://pl.pinterest.com/search/pins/?q=jak%20dobra%C4%87%20o%C5%9Bwietlenie%20do%20sypialni;https://pl.pinterest.com/ridipolska/o%C5%9Bwietlenie-wn%C4%99trz/;DOMOWY RESET;Clean editorial;L01,L02,L06;LISTA,PROBLEM,PRODUCT;#F6F1E8/#20201E/#D85C4A
nowoczesne oświetlenie domu;Oświetlenie wnętrz;Core;Informacyjna;7;9;9;3;7.7;P3;https://pl.pinterest.com/search/pins/?q=nowoczesne%20o%C5%9Bwietlenie%20domu;https://pl.pinterest.com/ridipolska/o%C5%9Bwietlenie-wn%C4%99trz/;DOMOWY RESET;Clean editorial;L01,L02,L06;LISTA,PROBLEM,PRODUCT;#F6F1E8/#20201E/#D85C4A
minimalistyczne lampy;Oświetlenie wnętrz;Core;Komercyjna;7;10;10;3;8.25;P2;https://pl.pinterest.com/search/pins/?q=minimalistyczne%20lampy;https://pl.pinterest.com/ridipolska/o%C5%9Bwietlenie-wn%C4%99trz/;DOMOWY RESET;Clean editorial;L01,L02,L06;LISTA,PROBLEM,PRODUCT;#F6F1E8/#20201E/#D85C4A
designerskie lampy;Oświetlenie wnętrz;Core;Komercyjna;7;10;10;3;8.25;P2;https://pl.pinterest.com/search/pins/?q=designerskie%20lampy;https://pl.pinterest.com/ridipolska/o%C5%9Bwietlenie-wn%C4%99trz/;DOMOWY RESET;Clean editorial;L01,L02,L06;LISTA,PROBLEM,PRODUCT;#F6F1E8/#20201E/#D85C4A
tanie lampy do domu;Oświetlenie wnętrz;Long-tail;Komercyjna;7;10;10;3;8.25;P2;https://pl.pinterest.com/search/pins/?q=tanie%20lampy%20do%20domu;https://pl.pinterest.com/ridipolska/o%C5%9Bwietlenie-wn%C4%99trz/;DOMOWY RESET;Clean editorial;L01,L02,L06;LISTA,PROBLEM,PRODUCT;#F6F1E8/#20201E/#D85C4A
ładne lampy do salonu;Oświetlenie wnętrz;Long-tail;Komercyjna;7;10;10;3;8.25;P2;https://pl.pinterest.com/search/pins/?q=%C5%82adne%20lampy%20do%20salonu;https://pl.pinterest.com/ridipolska/o%C5%9Bwietlenie-wn%C4%99trz/;DOMOWY RESET;Clean editorial;L01,L02,L06;LISTA,PROBLEM,PRODUCT;#F6F1E8/#20201E/#D85C4A
lampa stojąca do salonu;Oświetlenie wnętrz;Long-tail;Komercyjna;7;10;10;3;8.25;P2;https://pl.pinterest.com/search/pins/?q=lampa%20stoj%C4%85ca%20do%20salonu;https://pl.pinterest.com/ridipolska/o%C5%9Bwietlenie-wn%C4%99trz/;DOMOWY RESET;Clean editorial;L01,L02,L06;LISTA,PROBLEM,PRODUCT;#F6F1E8/#20201E/#D85C4A
lampa nad stół;Oświetlenie wnętrz;Core;Komercyjna;7;10;10;3;8.25;P2;https://pl.pinterest.com/search/pins/?q=lampa%20nad%20st%C3%B3%C5%82;https://pl.pinterest.com/ridipolska/o%C5%9Bwietlenie-wn%C4%99trz/;DOMOWY RESET;Clean editorial;L01,L02,L06;LISTA,PROBLEM,PRODUCT;#F6F1E8/#20201E/#D85C4A
lampki dekoracyjne;Oświetlenie wnętrz;Core;Informacyjna;7;9;9;3;7.7;P3;https://pl.pinterest.com/search/pins/?q=lampki%20dekoracyjne;https://pl.pinterest.com/ridipolska/o%C5%9Bwietlenie-wn%C4%99trz/;DOMOWY RESET;Clean editorial;L01,L02,L06;LISTA,PROBLEM,PRODUCT;#F6F1E8/#20201E/#D85C4A
produkty do domu;Produkty do domu;Long-tail;Komercyjna;8;10;10;3;8.6;P2;https://pl.pinterest.com/search/pins/?q=produkty%20do%20domu;https://pl.pinterest.com/erybusiewicz/produkty-do-domu/;DOMOWY RESET;Clean editorial;L01,L02,L06;LISTA,PROBLEM,PRODUCT;#F6F1E8/#20201E/#D85C4A
gadżety do domu;Produkty do domu;Long-tail;Komercyjna;8;10;10;3;8.6;P2;https://pl.pinterest.com/search/pins/?q=gad%C5%BCety%20do%20domu;https://pl.pinterest.com/erybusiewicz/produkty-do-domu/;DOMOWY RESET;Clean editorial;L01,L02,L06;LISTA,PROBLEM,PRODUCT;#F6F1E8/#20201E/#D85C4A
przydatne rzeczy do domu;Produkty do domu;Long-tail;Informacyjna;8;10;9;3;8.35;P2;https://pl.pinterest.com/search/pins/?q=przydatne%20rzeczy%20do%20domu;https://pl.pinterest.com/erybusiewicz/produkty-do-domu/;DOMOWY RESET;Clean editorial;L01,L02,L06;LISTA,PROBLEM,PRODUCT;#F6F1E8/#20201E/#D85C4A
praktyczne produkty do domu;Produkty do domu;Long-tail;Komercyjna;8;10;10;3;8.6;P2;https://pl.pinterest.com/search/pins/?q=praktyczne%20produkty%20do%20domu;https://pl.pinterest.com/erybusiewicz/produkty-do-domu/;DOMOWY RESET;Clean editorial;L01,L02,L06;LISTA,PROBLEM,PRODUCT;#F6F1E8/#20201E/#D85C4A
najlepsze produkty do domu;Produkty do domu;Long-tail;Komercyjna;8;10;10;3;8.6;P2;https://pl.pinterest.com/search/pins/?q=najlepsze%20produkty%20do%20domu;https://pl.pinterest.com/erybusiewicz/produkty-do-domu/;DOMOWY RESET;Clean editorial;L01,L02,L06;LISTA,PROBLEM,PRODUCT;#F6F1E8/#20201E/#D85C4A
produkty które ułatwiają życie;Produkty do domu;Long-tail;Komercyjna;8;10;10;3;8.6;P2;https://pl.pinterest.com/search/pins/?q=produkty%20kt%C3%B3re%20u%C5%82atwiaj%C4%85%20%C5%BCycie;https://pl.pinterest.com/erybusiewicz/produkty-do-domu/;DOMOWY RESET;Clean editorial;L01,L02,L06;LISTA,PROBLEM,PRODUCT;#F6F1E8/#20201E/#D85C4A
rzeczy które ułatwiają życie w domu;Produkty do domu;Long-tail;Informacyjna;8;10;9;3;8.35;P2;https://pl.pinterest.com/search/pins/?q=rzeczy%20kt%C3%B3re%20u%C5%82atwiaj%C4%85%20%C5%BCycie%20w%20domu;https://pl.pinterest.com/erybusiewicz/produkty-do-domu/;DOMOWY RESET;Clean editorial;L01,L02,L06;LISTA,PROBLEM,PRODUCT;#F6F1E8/#20201E/#D85C4A
must have do domu;Produkty do domu;Long-tail;Informacyjna;8;10;9;3;8.35;P2;https://pl.pinterest.com/search/pins/?q=must%20have%20do%20domu;https://pl.pinterest.com/erybusiewicz/produkty-do-domu/;DOMOWY RESET;Clean editorial;L01,L02,L06;LISTA,PROBLEM,PRODUCT;#F6F1E8/#20201E/#D85C4A
niezbędne rzeczy do domu;Produkty do domu;Long-tail;Informacyjna;8;10;9;3;8.35;P2;https://pl.pinterest.com/search/pins/?q=niezb%C4%99dne%20rzeczy%20do%20domu;https://pl.pinterest.com/erybusiewicz/produkty-do-domu/;DOMOWY RESET;Clean editorial;L01,L02,L06;LISTA,PROBLEM,PRODUCT;#F6F1E8/#20201E/#D85C4A
gadżety do organizacji domu;Produkty do domu;Long-tail;Komercyjna;8;10;10;3;8.6;P2;https://pl.pinterest.com/search/pins/?q=gad%C5%BCety%20do%20organizacji%20domu;https://pl.pinterest.com/erybusiewicz/produkty-do-domu/;DOMOWY RESET;Clean editorial;L01,L02,L06;LISTA,PROBLEM,PRODUCT;#F6F1E8/#20201E/#D85C4A
produkty do organizacji domu;Produkty do domu;Long-tail;Komercyjna;8;10;10;3;8.6;P2;https://pl.pinterest.com/search/pins/?q=produkty%20do%20organizacji%20domu;https://pl.pinterest.com/erybusiewicz/produkty-do-domu/;DOMOWY RESET;Clean editorial;L01,L02,L06;LISTA,PROBLEM,PRODUCT;#F6F1E8/#20201E/#D85C4A
organizery do domu;Produkty do domu;Long-tail;Komercyjna;8;10;10;3;8.6;P2;https://pl.pinterest.com/search/pins/?q=organizery%20do%20domu;https://pl.pinterest.com/erybusiewicz/produkty-do-domu/;DOMOWY RESET;Clean editorial;L01,L02,L06;LISTA,PROBLEM,PRODUCT;#F6F1E8/#20201E/#D85C4A
produkty do małego mieszkania;Produkty do domu;Long-tail;Komercyjna;9;10;10;3;8.95;P1;https://pl.pinterest.com/search/pins/?q=produkty%20do%20ma%C5%82ego%20mieszkania;https://pl.pinterest.com/erybusiewicz/produkty-do-domu/;DOMOWY RESET;Clean editorial;L01,L02,L06;LISTA,PROBLEM,PRODUCT;#F6F1E8/#20201E/#D85C4A
produkty do małej kuchni;Produkty do domu;Long-tail;Komercyjna;9;10;10;3;8.95;P1;https://pl.pinterest.com/search/pins/?q=produkty%20do%20ma%C5%82ej%20kuchni;https://pl.pinterest.com/erybusiewicz/produkty-do-domu/;DOMOWY RESET;Clean editorial;L01,L02,L06;LISTA,PROBLEM,PRODUCT;#F6F1E8/#20201E/#D85C4A
produkty do małej łazienki;Produkty do domu;Long-tail;Komercyjna;9;10;10;3;8.95;P1;https://pl.pinterest.com/search/pins/?q=produkty%20do%20ma%C5%82ej%20%C5%82azienki;https://pl.pinterest.com/erybusiewicz/produkty-do-domu/;DOMOWY RESET;Clean editorial;L01,L02,L06;LISTA,PROBLEM,PRODUCT;#F6F1E8/#20201E/#D85C4A
produkty do garderoby;Produkty do domu;Long-tail;Komercyjna;8;10;10;3;8.6;P2;https://pl.pinterest.com/search/pins/?q=produkty%20do%20garderoby;https://pl.pinterest.com/erybusiewicz/produkty-do-domu/;DOMOWY RESET;Clean editorial;L01,L02,L06;LISTA,PROBLEM,PRODUCT;#F6F1E8/#20201E/#D85C4A
produkty do przechowywania;Produkty do domu;Long-tail;Komercyjna;8;10;10;3;8.6;P2;https://pl.pinterest.com/search/pins/?q=produkty%20do%20przechowywania;https://pl.pinterest.com/erybusiewicz/produkty-do-domu/;DOMOWY RESET;Clean editorial;L01,L02,L06;LISTA,PROBLEM,PRODUCT;#F6F1E8/#20201E/#D85C4A
najlepsze organizery;Produkty do domu;Long-tail;Komercyjna;8;10;10;3;8.6;P2;https://pl.pinterest.com/search/pins/?q=najlepsze%20organizery;https://pl.pinterest.com/erybusiewicz/produkty-do-domu/;DOMOWY RESET;Clean editorial;L01,L02,L06;LISTA,PROBLEM,PRODUCT;#F6F1E8/#20201E/#D85C4A
najlepsze pojemniki do przechowywania;Produkty do domu;Long-tail;Komercyjna;8;10;10;3;8.6;P2;https://pl.pinterest.com/search/pins/?q=najlepsze%20pojemniki%20do%20przechowywania;https://pl.pinterest.com/erybusiewicz/produkty-do-domu/;DOMOWY RESET;Clean editorial;L01,L02,L06;LISTA,PROBLEM,PRODUCT;#F6F1E8/#20201E/#D85C4A
najlepsze kosze do przechowywania;Produkty do domu;Long-tail;Komercyjna;8;10;10;3;8.6;P2;https://pl.pinterest.com/search/pins/?q=najlepsze%20kosze%20do%20przechowywania;https://pl.pinterest.com/erybusiewicz/produkty-do-domu/;DOMOWY RESET;Clean editorial;L01,L02,L06;LISTA,PROBLEM,PRODUCT;#F6F1E8/#20201E/#D85C4A
najlepsze produkty do kuchni;Produkty do domu;Long-tail;Komercyjna;8;10;10;3;8.6;P2;https://pl.pinterest.com/search/pins/?q=najlepsze%20produkty%20do%20kuchni;https://pl.pinterest.com/erybusiewicz/produkty-do-domu/;DOMOWY RESET;Clean editorial;L01,L02,L06;LISTA,PROBLEM,PRODUCT;#F6F1E8/#20201E/#D85C4A
najlepsze produkty do łazienki;Produkty do domu;Long-tail;Komercyjna;8;10;10;3;8.6;P2;https://pl.pinterest.com/search/pins/?q=najlepsze%20produkty%20do%20%C5%82azienki;https://pl.pinterest.com/erybusiewicz/produkty-do-domu/;DOMOWY RESET;Clean editorial;L01,L02,L06;LISTA,PROBLEM,PRODUCT;#F6F1E8/#20201E/#D85C4A
najlepsze produkty do sprzątania;Produkty do domu;Long-tail;Komercyjna;8;10;10;3;8.6;P2;https://pl.pinterest.com/search/pins/?q=najlepsze%20produkty%20do%20sprz%C4%85tania;https://pl.pinterest.com/erybusiewicz/produkty-do-domu/;DOMOWY RESET;Clean editorial;L01,L02,L06;LISTA,PROBLEM,PRODUCT;#F6F1E8/#20201E/#D85C4A
gadżety kuchenne;Produkty do domu;Long-tail;Komercyjna;8;10;10;3;8.6;P2;https://pl.pinterest.com/search/pins/?q=gad%C5%BCety%20kuchenne;https://pl.pinterest.com/erybusiewicz/produkty-do-domu/;DOMOWY RESET;Clean editorial;L01,L02,L06;LISTA,PROBLEM,PRODUCT;#F6F1E8/#20201E/#D85C4A
praktyczne gadżety kuchenne;Produkty do domu;Long-tail;Komercyjna;8;10;10;3;8.6;P2;https://pl.pinterest.com/search/pins/?q=praktyczne%20gad%C5%BCety%20kuchenne;https://pl.pinterest.com/erybusiewicz/produkty-do-domu/;DOMOWY RESET;Clean editorial;L01,L02,L06;LISTA,PROBLEM,PRODUCT;#F6F1E8/#20201E/#D85C4A
gadżety do łazienki;Produkty do domu;Long-tail;Komercyjna;8;10;10;3;8.6;P2;https://pl.pinterest.com/search/pins/?q=gad%C5%BCety%20do%20%C5%82azienki;https://pl.pinterest.com/erybusiewicz/produkty-do-domu/;DOMOWY RESET;Clean editorial;L01,L02,L06;LISTA,PROBLEM,PRODUCT;#F6F1E8/#20201E/#D85C4A
gadżety do garderoby;Produkty do domu;Long-tail;Komercyjna;8;10;10;3;8.6;P2;https://pl.pinterest.com/search/pins/?q=gad%C5%BCety%20do%20garderoby;https://pl.pinterest.com/erybusiewicz/produkty-do-domu/;DOMOWY RESET;Clean editorial;L01,L02,L06;LISTA,PROBLEM,PRODUCT;#F6F1E8/#20201E/#D85C4A
gadżety do sprzątania;Produkty do domu;Long-tail;Komercyjna;8;10;10;3;8.6;P2;https://pl.pinterest.com/search/pins/?q=gad%C5%BCety%20do%20sprz%C4%85tania;https://pl.pinterest.com/erybusiewicz/produkty-do-domu/;DOMOWY RESET;Clean editorial;L01,L02,L06;LISTA,PROBLEM,PRODUCT;#F6F1E8/#20201E/#D85C4A
gadżety do małego mieszkania;Produkty do domu;Long-tail;Komercyjna;9;10;10;3;8.95;P1;https://pl.pinterest.com/search/pins/?q=gad%C5%BCety%20do%20ma%C5%82ego%20mieszkania;https://pl.pinterest.com/erybusiewicz/produkty-do-domu/;DOMOWY RESET;Clean editorial;L01,L02,L06;LISTA,PROBLEM,PRODUCT;#F6F1E8/#20201E/#D85C4A
organizery które warto kupić;Produkty do domu;Long-tail;Komercyjna;8;10;10;3;8.6;P2;https://pl.pinterest.com/search/pins/?q=organizery%20kt%C3%B3re%20warto%20kupi%C4%87;https://pl.pinterest.com/erybusiewicz/produkty-do-domu/;DOMOWY RESET;Clean editorial;L01,L02,L06;LISTA,PROBLEM,PRODUCT;#F6F1E8/#20201E/#D85C4A
rzeczy do domu które warto kupić;Produkty do domu;Long-tail;Informacyjna;8;10;9;3;8.35;P2;https://pl.pinterest.com/search/pins/?q=rzeczy%20do%20domu%20kt%C3%B3re%20warto%20kupi%C4%87;https://pl.pinterest.com/erybusiewicz/produkty-do-domu/;DOMOWY RESET;Clean editorial;L01,L02,L06;LISTA,PROBLEM,PRODUCT;#F6F1E8/#20201E/#D85C4A
tanie produkty do organizacji domu;Produkty do domu;Long-tail;Komercyjna;8;10;10;3;8.6;P2;https://pl.pinterest.com/search/pins/?q=tanie%20produkty%20do%20organizacji%20domu;https://pl.pinterest.com/erybusiewicz/produkty-do-domu/;DOMOWY RESET;Clean editorial;L01,L02,L06;LISTA,PROBLEM,PRODUCT;#F6F1E8/#20201E/#D85C4A
produkty do domu z allegro;Produkty do domu;Long-tail;Komercyjna;8;10;10;3;8.6;P2;https://pl.pinterest.com/search/pins/?q=produkty%20do%20domu%20z%20allegro;https://pl.pinterest.com/erybusiewicz/produkty-do-domu/;DOMOWY RESET;Clean editorial;L01,L02,L06;LISTA,PROBLEM,PRODUCT;#F6F1E8/#20201E/#D85C4A
produkty do domu z ceneo;Produkty do domu;Long-tail;Komercyjna;8;10;10;3;8.6;P2;https://pl.pinterest.com/search/pins/?q=produkty%20do%20domu%20z%20ceneo;https://pl.pinterest.com/erybusiewicz/produkty-do-domu/;DOMOWY RESET;Clean editorial;L01,L02,L06;LISTA,PROBLEM,PRODUCT;#F6F1E8/#20201E/#D85C4A
hity do domu;Produkty do domu;Core;Informacyjna;8;10;9;3;8.35;P2;https://pl.pinterest.com/search/pins/?q=hity%20do%20domu;https://pl.pinterest.com/erybusiewicz/produkty-do-domu/;DOMOWY RESET;Clean editorial;L01,L02,L06;LISTA,PROBLEM,PRODUCT;#F6F1E8/#20201E/#D85C4A
viralowe produkty do domu;Produkty do domu;Long-tail;Komercyjna;8;10;10;3;8.6;P2;https://pl.pinterest.com/search/pins/?q=viralowe%20produkty%20do%20domu;https://pl.pinterest.com/erybusiewicz/produkty-do-domu/;DOMOWY RESET;Clean editorial;L01,L02,L06;LISTA,PROBLEM,PRODUCT;#F6F1E8/#20201E/#D85C4A
produkty do home organization;Produkty do domu;Long-tail;Komercyjna;8;10;10;3;8.6;P2;https://pl.pinterest.com/search/pins/?q=produkty%20do%20home%20organization;https://pl.pinterest.com/erybusiewicz/produkty-do-domu/;DOMOWY RESET;Clean editorial;L01,L02,L06;LISTA,PROBLEM,PRODUCT;#F6F1E8/#20201E/#D85C4A
sprytne produkty do domu;Produkty do domu;Long-tail;Komercyjna;8;10;10;3;8.6;P2;https://pl.pinterest.com/search/pins/?q=sprytne%20produkty%20do%20domu;https://pl.pinterest.com/erybusiewicz/produkty-do-domu/;DOMOWY RESET;Clean editorial;L01,L02,L06;LISTA,PROBLEM,PRODUCT;#F6F1E8/#20201E/#D85C4A
innowacyjne produkty do domu;Produkty do domu;Long-tail;Komercyjna;8;10;10;3;8.6;P2;https://pl.pinterest.com/search/pins/?q=innowacyjne%20produkty%20do%20domu;https://pl.pinterest.com/erybusiewicz/produkty-do-domu/;DOMOWY RESET;Clean editorial;L01,L02,L06;LISTA,PROBLEM,PRODUCT;#F6F1E8/#20201E/#D85C4A
produkty do declutteringu;Produkty do domu;Long-tail;Komercyjna;8;10;10;3;8.6;P2;https://pl.pinterest.com/search/pins/?q=produkty%20do%20declutteringu;https://pl.pinterest.com/erybusiewicz/produkty-do-domu/;DOMOWY RESET;Clean editorial;L01,L02,L06;LISTA,PROBLEM,PRODUCT;#F6F1E8/#20201E/#D85C4A
smart home;AGD i Smart Home;Core;Informacyjna;6;10;10;2;7.8;P3;https://pl.pinterest.com/search/pins/?q=smart%20home;https://newsroom.pinterest.com/en-ca/news/spring-trend-report-2026/;DOMOWY RESET;Clean editorial;L01,L02,L06;LISTA,PROBLEM,PRODUCT;#F6F1E8/#20201E/#D85C4A
inteligentny dom;AGD i Smart Home;Core;Informacyjna;6;10;10;2;7.8;P3;https://pl.pinterest.com/search/pins/?q=inteligentny%20dom;https://newsroom.pinterest.com/en-ca/news/spring-trend-report-2026/;DOMOWY RESET;Clean editorial;L01,L02,L06;LISTA,PROBLEM,PRODUCT;#F6F1E8/#20201E/#D85C4A
gadżety smart home;AGD i Smart Home;Long-tail;Komercyjna;6;10;10;2;7.8;P3;https://pl.pinterest.com/search/pins/?q=gad%C5%BCety%20smart%20home;https://newsroom.pinterest.com/en-ca/news/spring-trend-report-2026/;DOMOWY RESET;Clean editorial;L01,L02,L06;LISTA,PROBLEM,PRODUCT;#F6F1E8/#20201E/#D85C4A
urządzenia smart home;AGD i Smart Home;Core;Komercyjna;6;10;10;2;7.8;P3;https://pl.pinterest.com/search/pins/?q=urz%C4%85dzenia%20smart%20home;https://newsroom.pinterest.com/en-ca/news/spring-trend-report-2026/;DOMOWY RESET;Clean editorial;L01,L02,L06;LISTA,PROBLEM,PRODUCT;#F6F1E8/#20201E/#D85C4A
smart home dla początkujących;AGD i Smart Home;Long-tail;Informacyjna;6;10;10;2;7.8;P3;https://pl.pinterest.com/search/pins/?q=smart%20home%20dla%20pocz%C4%85tkuj%C4%85cych;https://newsroom.pinterest.com/en-ca/news/spring-trend-report-2026/;DOMOWY RESET;Clean editorial;L01,L02,L06;LISTA,PROBLEM,PRODUCT;#F6F1E8/#20201E/#D85C4A
smart home mieszkanie;AGD i Smart Home;Core;Informacyjna;6;10;10;2;7.8;P3;https://pl.pinterest.com/search/pins/?q=smart%20home%20mieszkanie;https://newsroom.pinterest.com/en-ca/news/spring-trend-report-2026/;DOMOWY RESET;Clean editorial;L01,L02,L06;LISTA,PROBLEM,PRODUCT;#F6F1E8/#20201E/#D85C4A
smart home w bloku;AGD i Smart Home;Long-tail;Informacyjna;6;10;10;2;7.8;P3;https://pl.pinterest.com/search/pins/?q=smart%20home%20w%20bloku;https://newsroom.pinterest.com/en-ca/news/spring-trend-report-2026/;DOMOWY RESET;Clean editorial;L01,L02,L06;LISTA,PROBLEM,PRODUCT;#F6F1E8/#20201E/#D85C4A
smart home małym kosztem;AGD i Smart Home;Long-tail;Informacyjna;7;10;10;2;8.15;P2;https://pl.pinterest.com/search/pins/?q=smart%20home%20ma%C5%82ym%20kosztem;https://newsroom.pinterest.com/en-ca/news/spring-trend-report-2026/;DOMOWY RESET;Clean editorial;L01,L02,L06;LISTA,PROBLEM,PRODUCT;#F6F1E8/#20201E/#D85C4A
inteligentne oświetlenie;AGD i Smart Home;Core;Informacyjna;6;10;10;2;7.8;P3;https://pl.pinterest.com/search/pins/?q=inteligentne%20o%C5%9Bwietlenie;https://newsroom.pinterest.com/en-ca/news/spring-trend-report-2026/;DOMOWY RESET;Clean editorial;L01,L02,L06;LISTA,PROBLEM,PRODUCT;#F6F1E8/#20201E/#D85C4A
inteligentne żarówki;AGD i Smart Home;Core;Komercyjna;6;10;10;2;7.8;P3;https://pl.pinterest.com/search/pins/?q=inteligentne%20%C5%BCar%C3%B3wki;https://newsroom.pinterest.com/en-ca/news/spring-trend-report-2026/;DOMOWY RESET;Clean editorial;L01,L02,L06;LISTA,PROBLEM,PRODUCT;#F6F1E8/#20201E/#D85C4A
inteligentne gniazdka;AGD i Smart Home;Core;Informacyjna;6;10;10;2;7.8;P3;https://pl.pinterest.com/search/pins/?q=inteligentne%20gniazdka;https://newsroom.pinterest.com/en-ca/news/spring-trend-report-2026/;DOMOWY RESET;Clean editorial;L01,L02,L06;LISTA,PROBLEM,PRODUCT;#F6F1E8/#20201E/#D85C4A
inteligentne czujniki;AGD i Smart Home;Core;Informacyjna;6;10;10;2;7.8;P3;https://pl.pinterest.com/search/pins/?q=inteligentne%20czujniki;https://newsroom.pinterest.com/en-ca/news/spring-trend-report-2026/;DOMOWY RESET;Clean editorial;L01,L02,L06;LISTA,PROBLEM,PRODUCT;#F6F1E8/#20201E/#D85C4A
czujnik ruchu smart home;AGD i Smart Home;Long-tail;Informacyjna;6;10;10;2;7.8;P3;https://pl.pinterest.com/search/pins/?q=czujnik%20ruchu%20smart%20home;https://newsroom.pinterest.com/en-ca/news/spring-trend-report-2026/;DOMOWY RESET;Clean editorial;L01,L02,L06;LISTA,PROBLEM,PRODUCT;#F6F1E8/#20201E/#D85C4A
czujnik temperatury smart home;AGD i Smart Home;Long-tail;Informacyjna;6;10;10;2;7.8;P3;https://pl.pinterest.com/search/pins/?q=czujnik%20temperatury%20smart%20home;https://newsroom.pinterest.com/en-ca/news/spring-trend-report-2026/;DOMOWY RESET;Clean editorial;L01,L02,L06;LISTA,PROBLEM,PRODUCT;#F6F1E8/#20201E/#D85C4A
robot sprzątający;AGD i Smart Home;Core;Komercyjna;6;10;10;2;7.8;P3;https://pl.pinterest.com/search/pins/?q=robot%20sprz%C4%85taj%C4%85cy;https://newsroom.pinterest.com/en-ca/news/spring-trend-report-2026/;DOMOWY RESET;Clean editorial;L01,L02,L06;LISTA,PROBLEM,PRODUCT;#F6F1E8/#20201E/#D85C4A
robot odkurzający;AGD i Smart Home;Core;Komercyjna;6;10;10;2;7.8;P3;https://pl.pinterest.com/search/pins/?q=robot%20odkurzaj%C4%85cy;https://newsroom.pinterest.com/en-ca/news/spring-trend-report-2026/;DOMOWY RESET;Clean editorial;L01,L02,L06;LISTA,PROBLEM,PRODUCT;#F6F1E8/#20201E/#D85C4A
odkurzacz pionowy;AGD i Smart Home;Core;Komercyjna;6;10;10;2;7.8;P3;https://pl.pinterest.com/search/pins/?q=odkurzacz%20pionowy;https://newsroom.pinterest.com/en-ca/news/spring-trend-report-2026/;DOMOWY RESET;Clean editorial;L01,L02,L06;LISTA,PROBLEM,PRODUCT;#F6F1E8/#20201E/#D85C4A
odkurzacz bezprzewodowy;AGD i Smart Home;Core;Komercyjna;6;10;10;2;7.8;P3;https://pl.pinterest.com/search/pins/?q=odkurzacz%20bezprzewodowy;https://newsroom.pinterest.com/en-ca/news/spring-trend-report-2026/;DOMOWY RESET;Clean editorial;L01,L02,L06;LISTA,PROBLEM,PRODUCT;#F6F1E8/#20201E/#D85C4A
odkurzacz automatyczny;AGD i Smart Home;Core;Komercyjna;6;10;10;2;7.8;P3;https://pl.pinterest.com/search/pins/?q=odkurzacz%20automatyczny;https://newsroom.pinterest.com/en-ca/news/spring-trend-report-2026/;DOMOWY RESET;Clean editorial;L01,L02,L06;LISTA,PROBLEM,PRODUCT;#F6F1E8/#20201E/#D85C4A
oczyszczacz powietrza;AGD i Smart Home;Core;Komercyjna;6;10;10;2;7.8;P3;https://pl.pinterest.com/search/pins/?q=oczyszczacz%20powietrza;https://newsroom.pinterest.com/en-ca/news/spring-trend-report-2026/;DOMOWY RESET;Clean editorial;L01,L02,L06;LISTA,PROBLEM,PRODUCT;#F6F1E8/#20201E/#D85C4A
nawilżacz powietrza;AGD i Smart Home;Core;Komercyjna;6;10;10;2;7.8;P3;https://pl.pinterest.com/search/pins/?q=nawil%C5%BCacz%20powietrza;https://newsroom.pinterest.com/en-ca/news/spring-trend-report-2026/;DOMOWY RESET;Clean editorial;L01,L02,L06;LISTA,PROBLEM,PRODUCT;#F6F1E8/#20201E/#D85C4A
stacja pogodowa smart;AGD i Smart Home;Core;Informacyjna;6;10;10;2;7.8;P3;https://pl.pinterest.com/search/pins/?q=stacja%20pogodowa%20smart;https://newsroom.pinterest.com/en-ca/news/spring-trend-report-2026/;DOMOWY RESET;Clean editorial;L01,L02,L06;LISTA,PROBLEM,PRODUCT;#F6F1E8/#20201E/#D85C4A
wideodomofon smart;AGD i Smart Home;Core;Informacyjna;6;10;10;2;7.8;P3;https://pl.pinterest.com/search/pins/?q=wideodomofon%20smart;https://newsroom.pinterest.com/en-ca/news/spring-trend-report-2026/;DOMOWY RESET;Clean editorial;L01,L02,L06;LISTA,PROBLEM,PRODUCT;#F6F1E8/#20201E/#D85C4A
kamera domowa smart;AGD i Smart Home;Core;Informacyjna;6;10;10;2;7.8;P3;https://pl.pinterest.com/search/pins/?q=kamera%20domowa%20smart;https://newsroom.pinterest.com/en-ca/news/spring-trend-report-2026/;DOMOWY RESET;Clean editorial;L01,L02,L06;LISTA,PROBLEM,PRODUCT;#F6F1E8/#20201E/#D85C4A
dzwonek smart;AGD i Smart Home;Core;Informacyjna;6;10;10;2;7.8;P3;https://pl.pinterest.com/search/pins/?q=dzwonek%20smart;https://newsroom.pinterest.com/en-ca/news/spring-trend-report-2026/;DOMOWY RESET;Clean editorial;L01,L02,L06;LISTA,PROBLEM,PRODUCT;#F6F1E8/#20201E/#D85C4A
termostat smart;AGD i Smart Home;Core;Informacyjna;6;10;10;2;7.8;P3;https://pl.pinterest.com/search/pins/?q=termostat%20smart;https://newsroom.pinterest.com/en-ca/news/spring-trend-report-2026/;DOMOWY RESET;Clean editorial;L01,L02,L06;LISTA,PROBLEM,PRODUCT;#F6F1E8/#20201E/#D85C4A
smart home oświetlenie;AGD i Smart Home;Core;Informacyjna;6;10;10;2;7.8;P3;https://pl.pinterest.com/search/pins/?q=smart%20home%20o%C5%9Bwietlenie;https://newsroom.pinterest.com/en-ca/news/spring-trend-report-2026/;DOMOWY RESET;Clean editorial;L01,L02,L06;LISTA,PROBLEM,PRODUCT;#F6F1E8/#20201E/#D85C4A
smart home bezpieczeństwo;AGD i Smart Home;Core;Informacyjna;6;10;10;2;7.8;P3;https://pl.pinterest.com/search/pins/?q=smart%20home%20bezpiecze%C5%84stwo;https://newsroom.pinterest.com/en-ca/news/spring-trend-report-2026/;DOMOWY RESET;Clean editorial;L01,L02,L06;LISTA,PROBLEM,PRODUCT;#F6F1E8/#20201E/#D85C4A
smart home ogrzewanie;AGD i Smart Home;Core;Informacyjna;6;10;10;2;7.8;P3;https://pl.pinterest.com/search/pins/?q=smart%20home%20ogrzewanie;https://newsroom.pinterest.com/en-ca/news/spring-trend-report-2026/;DOMOWY RESET;Clean editorial;L01,L02,L06;LISTA,PROBLEM,PRODUCT;#F6F1E8/#20201E/#D85C4A
smart home oszczędzanie energii;AGD i Smart Home;Long-tail;Informacyjna;6;10;10;2;7.8;P3;https://pl.pinterest.com/search/pins/?q=smart%20home%20oszcz%C4%99dzanie%20energii;https://newsroom.pinterest.com/en-ca/news/spring-trend-report-2026/;DOMOWY RESET;Clean editorial;L01,L02,L06;LISTA,PROBLEM,PRODUCT;#F6F1E8/#20201E/#D85C4A
najlepszy robot sprzątający;AGD i Smart Home;Long-tail;Komercyjna;6;10;10;2;7.8;P3;https://pl.pinterest.com/search/pins/?q=najlepszy%20robot%20sprz%C4%85taj%C4%85cy;https://newsroom.pinterest.com/en-ca/news/spring-trend-report-2026/;DOMOWY RESET;Clean editorial;L01,L02,L06;LISTA,PROBLEM,PRODUCT;#F6F1E8/#20201E/#D85C4A
najlepszy odkurzacz pionowy;AGD i Smart Home;Long-tail;Komercyjna;6;10;10;2;7.8;P3;https://pl.pinterest.com/search/pins/?q=najlepszy%20odkurzacz%20pionowy;https://newsroom.pinterest.com/en-ca/news/spring-trend-report-2026/;DOMOWY RESET;Clean editorial;L01,L02,L06;LISTA,PROBLEM,PRODUCT;#F6F1E8/#20201E/#D85C4A
najlepszy oczyszczacz powietrza;AGD i Smart Home;Long-tail;Komercyjna;6;10;10;2;7.8;P3;https://pl.pinterest.com/search/pins/?q=najlepszy%20oczyszczacz%20powietrza;https://newsroom.pinterest.com/en-ca/news/spring-trend-report-2026/;DOMOWY RESET;Clean editorial;L01,L02,L06;LISTA,PROBLEM,PRODUCT;#F6F1E8/#20201E/#D85C4A
najlepszy nawilżacz powietrza;AGD i Smart Home;Long-tail;Komercyjna;6;10;10;2;7.8;P3;https://pl.pinterest.com/search/pins/?q=najlepszy%20nawil%C5%BCacz%20powietrza;https://newsroom.pinterest.com/en-ca/news/spring-trend-report-2026/;DOMOWY RESET;Clean editorial;L01,L02,L06;LISTA,PROBLEM,PRODUCT;#F6F1E8/#20201E/#D85C4A
najlepsze urządzenia smart home;AGD i Smart Home;Long-tail;Komercyjna;6;10;10;2;7.8;P3;https://pl.pinterest.com/search/pins/?q=najlepsze%20urz%C4%85dzenia%20smart%20home;https://newsroom.pinterest.com/en-ca/news/spring-trend-report-2026/;DOMOWY RESET;Clean editorial;L01,L02,L06;LISTA,PROBLEM,PRODUCT;#F6F1E8/#20201E/#D85C4A
najlepsze gadżety smart home;AGD i Smart Home;Long-tail;Komercyjna;6;10;10;2;7.8;P3;https://pl.pinterest.com/search/pins/?q=najlepsze%20gad%C5%BCety%20smart%20home;https://newsroom.pinterest.com/en-ca/news/spring-trend-report-2026/;DOMOWY RESET;Clean editorial;L01,L02,L06;LISTA,PROBLEM,PRODUCT;#F6F1E8/#20201E/#D85C4A
agd do małego mieszkania;AGD i Smart Home;Long-tail;Informacyjna;7;10;10;2;8.15;P2;https://pl.pinterest.com/search/pins/?q=agd%20do%20ma%C5%82ego%20mieszkania;https://newsroom.pinterest.com/en-ca/news/spring-trend-report-2026/;DOMOWY RESET;Clean editorial;L01,L02,L06;LISTA,PROBLEM,PRODUCT;#F6F1E8/#20201E/#D85C4A
małe AGD do kuchni;AGD i Smart Home;Long-tail;Informacyjna;7;10;10;2;8.15;P2;https://pl.pinterest.com/search/pins/?q=ma%C5%82e%20AGD%20do%20kuchni;https://newsroom.pinterest.com/en-ca/news/spring-trend-report-2026/;DOMOWY RESET;Clean editorial;L01,L02,L06;LISTA,PROBLEM,PRODUCT;#F6F1E8/#20201E/#D85C4A
przydatne AGD do domu;AGD i Smart Home;Long-tail;Informacyjna;6;10;10;2;7.8;P3;https://pl.pinterest.com/search/pins/?q=przydatne%20AGD%20do%20domu;https://newsroom.pinterest.com/en-ca/news/spring-trend-report-2026/;DOMOWY RESET;Clean editorial;L01,L02,L06;LISTA,PROBLEM,PRODUCT;#F6F1E8/#20201E/#D85C4A
gadżety kuchenne smart;AGD i Smart Home;Long-tail;Komercyjna;6;10;10;2;7.8;P3;https://pl.pinterest.com/search/pins/?q=gad%C5%BCety%20kuchenne%20smart;https://newsroom.pinterest.com/en-ca/news/spring-trend-report-2026/;DOMOWY RESET;Clean editorial;L01,L02,L06;LISTA,PROBLEM,PRODUCT;#F6F1E8/#20201E/#D85C4A
przechowywanie w domu;Przechowywanie i organizacja;Core;Informacyjna;9;10;8;3;8.45;P2;https://pl.pinterest.com/search/pins/?q=przechowywanie%20w%20domu;https://pl.pinterest.com/poludnica1/organizacja-domu/;DOMOWY RESET;Clean editorial;L01,L02,L06;LISTA,PROBLEM,PRODUCT;#F6F1E8/#20201E/#D85C4A
pomysły na przechowywanie;Przechowywanie i organizacja;Core;Informacyjna;9;10;8;3;8.45;P2;https://pl.pinterest.com/search/pins/?q=pomys%C5%82y%20na%20przechowywanie;https://pl.pinterest.com/poludnica1/organizacja-domu/;DOMOWY RESET;Clean editorial;L01,L02,L06;LISTA,PROBLEM,PRODUCT;#F6F1E8/#20201E/#D85C4A
sprytne przechowywanie;Przechowywanie i organizacja;Core;Informacyjna;9;10;8;3;8.45;P2;https://pl.pinterest.com/search/pins/?q=sprytne%20przechowywanie;https://pl.pinterest.com/poludnica1/organizacja-domu/;DOMOWY RESET;Clean editorial;L01,L02,L06;LISTA,PROBLEM,PRODUCT;#F6F1E8/#20201E/#D85C4A
praktyczne przechowywanie;Przechowywanie i organizacja;Core;Informacyjna;9;10;8;3;8.45;P2;https://pl.pinterest.com/search/pins/?q=praktyczne%20przechowywanie;https://pl.pinterest.com/poludnica1/organizacja-domu/;DOMOWY RESET;Clean editorial;L01,L02,L06;LISTA,PROBLEM,PRODUCT;#F6F1E8/#20201E/#D85C4A
przechowywanie bez szafy;Przechowywanie i organizacja;Core;Informacyjna;9;10;8;3;8.45;P2;https://pl.pinterest.com/search/pins/?q=przechowywanie%20bez%20szafy;https://pl.pinterest.com/poludnica1/organizacja-domu/;DOMOWY RESET;Clean editorial;L01,L02,L06;LISTA,PROBLEM,PRODUCT;#F6F1E8/#20201E/#D85C4A
przechowywanie w małym mieszkaniu;Przechowywanie i organizacja;Long-tail;Informacyjna;10;10;8;3;8.8;P1;https://pl.pinterest.com/search/pins/?q=przechowywanie%20w%20ma%C5%82ym%20mieszkaniu;https://pl.pinterest.com/poludnica1/organizacja-domu/;DOMOWY RESET;Clean editorial;L01,L02,L06;LISTA,PROBLEM,PRODUCT;#F6F1E8/#20201E/#D85C4A
przechowywanie w kawalerce;Przechowywanie i organizacja;Core;Informacyjna;9;10;8;3;8.45;P2;https://pl.pinterest.com/search/pins/?q=przechowywanie%20w%20kawalerce;https://pl.pinterest.com/poludnica1/organizacja-domu/;DOMOWY RESET;Clean editorial;L01,L02,L06;LISTA,PROBLEM,PRODUCT;#F6F1E8/#20201E/#D85C4A
przechowywanie pod łóżkiem;Przechowywanie i organizacja;Core;Informacyjna;9;10;8;3;8.45;P2;https://pl.pinterest.com/search/pins/?q=przechowywanie%20pod%20%C5%82%C3%B3%C5%BCkiem;https://pl.pinterest.com/poludnica1/organizacja-domu/;DOMOWY RESET;Clean editorial;L01,L02,L06;LISTA,PROBLEM,PRODUCT;#F6F1E8/#20201E/#D85C4A
przechowywanie pod schodami;Przechowywanie i organizacja;Core;Informacyjna;9;10;8;3;8.45;P2;https://pl.pinterest.com/search/pins/?q=przechowywanie%20pod%20schodami;https://pl.pinterest.com/poludnica1/organizacja-domu/;DOMOWY RESET;Clean editorial;L01,L02,L06;LISTA,PROBLEM,PRODUCT;#F6F1E8/#20201E/#D85C4A
przechowywanie w przedpokoju;Przechowywanie i organizacja;Core;Informacyjna;9;10;8;3;8.45;P2;https://pl.pinterest.com/search/pins/?q=przechowywanie%20w%20przedpokoju;https://pl.pinterest.com/poludnica1/organizacja-domu/;DOMOWY RESET;Clean editorial;L01,L02,L06;LISTA,PROBLEM,PRODUCT;#F6F1E8/#20201E/#D85C4A
przechowywanie w salonie;Przechowywanie i organizacja;Core;Informacyjna;9;10;8;3;8.45;P2;https://pl.pinterest.com/search/pins/?q=przechowywanie%20w%20salonie;https://pl.pinterest.com/poludnica1/organizacja-domu/;DOMOWY RESET;Clean editorial;L01,L02,L06;LISTA,PROBLEM,PRODUCT;#F6F1E8/#20201E/#D85C4A
przechowywanie w sypialni;Przechowywanie i organizacja;Core;Informacyjna;9;10;8;3;8.45;P2;https://pl.pinterest.com/search/pins/?q=przechowywanie%20w%20sypialni;https://pl.pinterest.com/poludnica1/organizacja-domu/;DOMOWY RESET;Clean editorial;L01,L02,L06;LISTA,PROBLEM,PRODUCT;#F6F1E8/#20201E/#D85C4A
przechowywanie w kuchni;Przechowywanie i organizacja;Core;Informacyjna;9;10;8;3;8.45;P2;https://pl.pinterest.com/search/pins/?q=przechowywanie%20w%20kuchni;https://pl.pinterest.com/poludnica1/organizacja-domu/;DOMOWY RESET;Clean editorial;L01,L02,L06;LISTA,PROBLEM,PRODUCT;#F6F1E8/#20201E/#D85C4A
przechowywanie w łazience;Przechowywanie i organizacja;Core;Informacyjna;9;10;8;3;8.45;P2;https://pl.pinterest.com/search/pins/?q=przechowywanie%20w%20%C5%82azience;https://pl.pinterest.com/poludnica1/organizacja-domu/;DOMOWY RESET;Clean editorial;L01,L02,L06;LISTA,PROBLEM,PRODUCT;#F6F1E8/#20201E/#D85C4A
przechowywanie w garderobie;Przechowywanie i organizacja;Core;Informacyjna;9;10;8;3;8.45;P2;https://pl.pinterest.com/search/pins/?q=przechowywanie%20w%20garderobie;https://pl.pinterest.com/poludnica1/organizacja-domu/;DOMOWY RESET;Clean editorial;L01,L02,L06;LISTA,PROBLEM,PRODUCT;#F6F1E8/#20201E/#D85C4A
przechowywanie rzeczy sezonowych;Przechowywanie i organizacja;Core;Informacyjna;9;10;8;3;8.45;P2;https://pl.pinterest.com/search/pins/?q=przechowywanie%20rzeczy%20sezonowych;https://pl.pinterest.com/poludnica1/organizacja-domu/;DOMOWY RESET;Clean editorial;L01,L02,L06;LISTA,PROBLEM,PRODUCT;#F6F1E8/#20201E/#D85C4A
przechowywanie walizek;Przechowywanie i organizacja;Core;Informacyjna;9;10;8;3;8.45;P2;https://pl.pinterest.com/search/pins/?q=przechowywanie%20walizek;https://pl.pinterest.com/poludnica1/organizacja-domu/;DOMOWY RESET;Clean editorial;L01,L02,L06;LISTA,PROBLEM,PRODUCT;#F6F1E8/#20201E/#D85C4A
przechowywanie pościeli;Przechowywanie i organizacja;Core;Informacyjna;9;10;8;3;8.45;P2;https://pl.pinterest.com/search/pins/?q=przechowywanie%20po%C5%9Bcieli;https://pl.pinterest.com/poludnica1/organizacja-domu/;DOMOWY RESET;Clean editorial;L01,L02,L06;LISTA,PROBLEM,PRODUCT;#F6F1E8/#20201E/#D85C4A
przechowywanie ręczników;Przechowywanie i organizacja;Core;Informacyjna;9;10;8;3;8.45;P2;https://pl.pinterest.com/search/pins/?q=przechowywanie%20r%C4%99cznik%C3%B3w;https://pl.pinterest.com/poludnica1/organizacja-domu/;DOMOWY RESET;Clean editorial;L01,L02,L06;LISTA,PROBLEM,PRODUCT;#F6F1E8/#20201E/#D85C4A
przechowywanie zabawek;Przechowywanie i organizacja;Core;Informacyjna;9;10;8;3;8.45;P2;https://pl.pinterest.com/search/pins/?q=przechowywanie%20zabawek;https://pl.pinterest.com/poludnica1/organizacja-domu/;DOMOWY RESET;Clean editorial;L01,L02,L06;LISTA,PROBLEM,PRODUCT;#F6F1E8/#20201E/#D85C4A
przechowywanie książek;Przechowywanie i organizacja;Core;Informacyjna;9;10;8;3;8.45;P2;https://pl.pinterest.com/search/pins/?q=przechowywanie%20ksi%C4%85%C5%BCek;https://pl.pinterest.com/poludnica1/organizacja-domu/;DOMOWY RESET;Clean editorial;L01,L02,L06;LISTA,PROBLEM,PRODUCT;#F6F1E8/#20201E/#D85C4A
przechowywanie dokumentów;Przechowywanie i organizacja;Core;Informacyjna;9;10;8;3;8.45;P2;https://pl.pinterest.com/search/pins/?q=przechowywanie%20dokument%C3%B3w;https://pl.pinterest.com/poludnica1/organizacja-domu/;DOMOWY RESET;Clean editorial;L01,L02,L06;LISTA,PROBLEM,PRODUCT;#F6F1E8/#20201E/#D85C4A
przechowywanie butów;Przechowywanie i organizacja;Core;Informacyjna;9;10;8;3;8.45;P2;https://pl.pinterest.com/search/pins/?q=przechowywanie%20but%C3%B3w;https://pl.pinterest.com/poludnica1/organizacja-domu/;DOMOWY RESET;Clean editorial;L01,L02,L06;LISTA,PROBLEM,PRODUCT;#F6F1E8/#20201E/#D85C4A
przechowywanie torebek;Przechowywanie i organizacja;Core;Informacyjna;9;10;8;3;8.45;P2;https://pl.pinterest.com/search/pins/?q=przechowywanie%20torebek;https://pl.pinterest.com/poludnica1/organizacja-domu/;DOMOWY RESET;Clean editorial;L01,L02,L06;LISTA,PROBLEM,PRODUCT;#F6F1E8/#20201E/#D85C4A
pojemniki do przechowywania;Przechowywanie i organizacja;Long-tail;Komercyjna;9;10;9;3;8.7;P2;https://pl.pinterest.com/search/pins/?q=pojemniki%20do%20przechowywania;https://pl.pinterest.com/poludnica1/organizacja-domu/;DOMOWY RESET;Clean editorial;L01,L02,L06;LISTA,PROBLEM,PRODUCT;#F6F1E8/#20201E/#D85C4A
pudełka do przechowywania;Przechowywanie i organizacja;Core;Komercyjna;9;10;9;3;8.7;P2;https://pl.pinterest.com/search/pins/?q=pude%C5%82ka%20do%20przechowywania;https://pl.pinterest.com/poludnica1/organizacja-domu/;DOMOWY RESET;Clean editorial;L01,L02,L06;LISTA,PROBLEM,PRODUCT;#F6F1E8/#20201E/#D85C4A
kosze do przechowywania;Przechowywanie i organizacja;Core;Komercyjna;9;10;9;3;8.7;P2;https://pl.pinterest.com/search/pins/?q=kosze%20do%20przechowywania;https://pl.pinterest.com/poludnica1/organizacja-domu/;DOMOWY RESET;Clean editorial;L01,L02,L06;LISTA,PROBLEM,PRODUCT;#F6F1E8/#20201E/#D85C4A
szuflady do przechowywania;Przechowywanie i organizacja;Core;Informacyjna;9;10;8;3;8.45;P2;https://pl.pinterest.com/search/pins/?q=szuflady%20do%20przechowywania;https://pl.pinterest.com/poludnica1/organizacja-domu/;DOMOWY RESET;Clean editorial;L01,L02,L06;LISTA,PROBLEM,PRODUCT;#F6F1E8/#20201E/#D85C4A
organizery do przechowywania;Przechowywanie i organizacja;Long-tail;Komercyjna;9;10;9;3;8.7;P2;https://pl.pinterest.com/search/pins/?q=organizery%20do%20przechowywania;https://pl.pinterest.com/poludnica1/organizacja-domu/;DOMOWY RESET;Clean editorial;L01,L02,L06;LISTA,PROBLEM,PRODUCT;#F6F1E8/#20201E/#D85C4A
pionowe przechowywanie;Przechowywanie i organizacja;Core;Informacyjna;9;10;8;3;8.45;P2;https://pl.pinterest.com/search/pins/?q=pionowe%20przechowywanie;https://pl.pinterest.com/poludnica1/organizacja-domu/;DOMOWY RESET;Clean editorial;L01,L02,L06;LISTA,PROBLEM,PRODUCT;#F6F1E8/#20201E/#D85C4A
ukryte przechowywanie;Przechowywanie i organizacja;Core;Informacyjna;9;10;8;3;8.45;P2;https://pl.pinterest.com/search/pins/?q=ukryte%20przechowywanie;https://pl.pinterest.com/poludnica1/organizacja-domu/;DOMOWY RESET;Clean editorial;L01,L02,L06;LISTA,PROBLEM,PRODUCT;#F6F1E8/#20201E/#D85C4A
meble do przechowywania;Przechowywanie i organizacja;Core;Komercyjna;9;10;9;3;8.7;P2;https://pl.pinterest.com/search/pins/?q=meble%20do%20przechowywania;https://pl.pinterest.com/poludnica1/organizacja-domu/;DOMOWY RESET;Clean editorial;L01,L02,L06;LISTA,PROBLEM,PRODUCT;#F6F1E8/#20201E/#D85C4A
regały do przechowywania;Przechowywanie i organizacja;Core;Komercyjna;9;10;9;3;8.7;P2;https://pl.pinterest.com/search/pins/?q=rega%C5%82y%20do%20przechowywania;https://pl.pinterest.com/poludnica1/organizacja-domu/;DOMOWY RESET;Clean editorial;L01,L02,L06;LISTA,PROBLEM,PRODUCT;#F6F1E8/#20201E/#D85C4A
szafki do przechowywania;Przechowywanie i organizacja;Core;Informacyjna;9;10;8;3;8.45;P2;https://pl.pinterest.com/search/pins/?q=szafki%20do%20przechowywania;https://pl.pinterest.com/poludnica1/organizacja-domu/;DOMOWY RESET;Clean editorial;L01,L02,L06;LISTA,PROBLEM,PRODUCT;#F6F1E8/#20201E/#D85C4A
pomysły na przechowywanie w małym mieszkaniu;Przechowywanie i organizacja;Long-tail;Informacyjna;10;10;8;3;8.8;P1;https://pl.pinterest.com/search/pins/?q=pomys%C5%82y%20na%20przechowywanie%20w%20ma%C5%82ym%20mieszkaniu;https://pl.pinterest.com/poludnica1/organizacja-domu/;DOMOWY RESET;Clean editorial;L01,L02,L06;LISTA,PROBLEM,PRODUCT;#F6F1E8/#20201E/#D85C4A
tanie przechowywanie w domu;Przechowywanie i organizacja;Long-tail;Informacyjna;9;10;8;3;8.45;P2;https://pl.pinterest.com/search/pins/?q=tanie%20przechowywanie%20w%20domu;https://pl.pinterest.com/poludnica1/organizacja-domu/;DOMOWY RESET;Clean editorial;L01,L02,L06;LISTA,PROBLEM,PRODUCT;#F6F1E8/#20201E/#D85C4A
estetyczne przechowywanie;Przechowywanie i organizacja;Core;Informacyjna;9;10;8;3;8.45;P2;https://pl.pinterest.com/search/pins/?q=estetyczne%20przechowywanie;https://pl.pinterest.com/poludnica1/organizacja-domu/;DOMOWY RESET;Clean editorial;L01,L02,L06;LISTA,PROBLEM,PRODUCT;#F6F1E8/#20201E/#D85C4A
minimalistyczne przechowywanie;Przechowywanie i organizacja;Core;Informacyjna;9;10;8;3;8.45;P2;https://pl.pinterest.com/search/pins/?q=minimalistyczne%20przechowywanie;https://pl.pinterest.com/poludnica1/organizacja-domu/;DOMOWY RESET;Clean editorial;L01,L02,L06;LISTA,PROBLEM,PRODUCT;#F6F1E8/#20201E/#D85C4A
organizacja rzeczy;Przechowywanie i organizacja;Core;Informacyjna;9;10;8;3;8.45;P2;https://pl.pinterest.com/search/pins/?q=organizacja%20rzeczy;https://pl.pinterest.com/poludnica1/organizacja-domu/;DOMOWY RESET;Clean editorial;L01,L02,L06;LISTA,PROBLEM,PRODUCT;#F6F1E8/#20201E/#D85C4A
organizacja przestrzeni do przechowywania;Przechowywanie i organizacja;Long-tail;Informacyjna;9;10;8;3;8.45;P2;https://pl.pinterest.com/search/pins/?q=organizacja%20przestrzeni%20do%20przechowywania;https://pl.pinterest.com/poludnica1/organizacja-domu/;DOMOWY RESET;Clean editorial;L01,L02,L06;LISTA,PROBLEM,PRODUCT;#F6F1E8/#20201E/#D85C4A
maksymalne wykorzystanie przestrzeni;Przechowywanie i organizacja;Core;Informacyjna;9;10;8;3;8.45;P2;https://pl.pinterest.com/search/pins/?q=maksymalne%20wykorzystanie%20przestrzeni;https://pl.pinterest.com/poludnica1/organizacja-domu/;DOMOWY RESET;Clean editorial;L01,L02,L06;LISTA,PROBLEM,PRODUCT;#F6F1E8/#20201E/#D85C4A
przechowywanie pod zlewem;Przechowywanie i organizacja;Core;Informacyjna;9;10;8;3;8.45;P2;https://pl.pinterest.com/search/pins/?q=przechowywanie%20pod%20zlewem;https://pl.pinterest.com/poludnica1/organizacja-domu/;DOMOWY RESET;Clean editorial;L01,L02,L06;LISTA,PROBLEM,PRODUCT;#F6F1E8/#20201E/#D85C4A
balkon inspiracje;Balkon i ogród;Core;Informacyjna;7;8;8;5;7.35;P4;https://pl.pinterest.com/search/pins/?q=balkon%20inspiracje;https://newsroom.pinterest.com/en-ca/news/spring-trend-report-2026/;DOMOWY RESET;Clean editorial;L01,L02,L06;LISTA,PROBLEM,PRODUCT;#F6F1E8/#20201E/#D85C4A
mały balkon;Balkon i ogród;Core;Informacyjna;8;8;8;5;7.7;P3;https://pl.pinterest.com/search/pins/?q=ma%C5%82y%20balkon;https://newsroom.pinterest.com/en-ca/news/spring-trend-report-2026/;DOMOWY RESET;Clean editorial;L01,L02,L06;LISTA,PROBLEM,PRODUCT;#F6F1E8/#20201E/#D85C4A
aranżacja balkonu;Balkon i ogród;Core;Informacyjna;7;8;8;5;7.35;P4;https://pl.pinterest.com/search/pins/?q=aran%C5%BCacja%20balkonu;https://newsroom.pinterest.com/en-ca/news/spring-trend-report-2026/;DOMOWY RESET;Clean editorial;L01,L02,L06;LISTA,PROBLEM,PRODUCT;#F6F1E8/#20201E/#D85C4A
mały balkon w bloku;Balkon i ogród;Long-tail;Informacyjna;8;8;8;5;7.7;P3;https://pl.pinterest.com/search/pins/?q=ma%C5%82y%20balkon%20w%20bloku;https://newsroom.pinterest.com/en-ca/news/spring-trend-report-2026/;DOMOWY RESET;Clean editorial;L01,L02,L06;LISTA,PROBLEM,PRODUCT;#F6F1E8/#20201E/#D85C4A
balkon w bloku inspiracje;Balkon i ogród;Long-tail;Informacyjna;7;8;8;5;7.35;P4;https://pl.pinterest.com/search/pins/?q=balkon%20w%20bloku%20inspiracje;https://newsroom.pinterest.com/en-ca/news/spring-trend-report-2026/;DOMOWY RESET;Clean editorial;L01,L02,L06;LISTA,PROBLEM,PRODUCT;#F6F1E8/#20201E/#D85C4A
dekoracja balkonu;Balkon i ogród;Core;Informacyjna;7;8;8;5;7.35;P4;https://pl.pinterest.com/search/pins/?q=dekoracja%20balkonu;https://newsroom.pinterest.com/en-ca/news/spring-trend-report-2026/;DOMOWY RESET;Clean editorial;L01,L02,L06;LISTA,PROBLEM,PRODUCT;#F6F1E8/#20201E/#D85C4A
dekoracje na balkon;Balkon i ogród;Core;Informacyjna;7;8;8;5;7.35;P4;https://pl.pinterest.com/search/pins/?q=dekoracje%20na%20balkon;https://newsroom.pinterest.com/en-ca/news/spring-trend-report-2026/;DOMOWY RESET;Clean editorial;L01,L02,L06;LISTA,PROBLEM,PRODUCT;#F6F1E8/#20201E/#D85C4A
przytulny balkon;Balkon i ogród;Core;Informacyjna;7;8;8;5;7.35;P4;https://pl.pinterest.com/search/pins/?q=przytulny%20balkon;https://newsroom.pinterest.com/en-ca/news/spring-trend-report-2026/;DOMOWY RESET;Clean editorial;L01,L02,L06;LISTA,PROBLEM,PRODUCT;#F6F1E8/#20201E/#D85C4A
balkon boho;Balkon i ogród;Core;Informacyjna;7;8;8;5;7.35;P4;https://pl.pinterest.com/search/pins/?q=balkon%20boho;https://newsroom.pinterest.com/en-ca/news/spring-trend-report-2026/;DOMOWY RESET;Clean editorial;L01,L02,L06;LISTA,PROBLEM,PRODUCT;#F6F1E8/#20201E/#D85C4A
balkon japandi;Balkon i ogród;Core;Informacyjna;7;8;8;5;7.35;P4;https://pl.pinterest.com/search/pins/?q=balkon%20japandi;https://newsroom.pinterest.com/en-ca/news/spring-trend-report-2026/;DOMOWY RESET;Clean editorial;L01,L02,L06;LISTA,PROBLEM,PRODUCT;#F6F1E8/#20201E/#D85C4A
balkon minimalistyczny;Balkon i ogród;Core;Informacyjna;7;8;8;5;7.35;P4;https://pl.pinterest.com/search/pins/?q=balkon%20minimalistyczny;https://newsroom.pinterest.com/en-ca/news/spring-trend-report-2026/;DOMOWY RESET;Clean editorial;L01,L02,L06;LISTA,PROBLEM,PRODUCT;#F6F1E8/#20201E/#D85C4A
balkon z roślinami;Balkon i ogród;Core;Informacyjna;7;8;8;5;7.35;P4;https://pl.pinterest.com/search/pins/?q=balkon%20z%20ro%C5%9Blinami;https://newsroom.pinterest.com/en-ca/news/spring-trend-report-2026/;DOMOWY RESET;Clean editorial;L01,L02,L06;LISTA,PROBLEM,PRODUCT;#F6F1E8/#20201E/#D85C4A
rośliny na balkon;Balkon i ogród;Core;Informacyjna;7;8;8;5;7.35;P4;https://pl.pinterest.com/search/pins/?q=ro%C5%9Bliny%20na%20balkon;https://newsroom.pinterest.com/en-ca/news/spring-trend-report-2026/;DOMOWY RESET;Clean editorial;L01,L02,L06;LISTA,PROBLEM,PRODUCT;#F6F1E8/#20201E/#D85C4A
kwiaty na balkon;Balkon i ogród;Core;Informacyjna;7;8;8;5;7.35;P4;https://pl.pinterest.com/search/pins/?q=kwiaty%20na%20balkon;https://newsroom.pinterest.com/en-ca/news/spring-trend-report-2026/;DOMOWY RESET;Clean editorial;L01,L02,L06;LISTA,PROBLEM,PRODUCT;#F6F1E8/#20201E/#D85C4A
mały ogród;Balkon i ogród;Core;Informacyjna;8;8;8;5;7.7;P3;https://pl.pinterest.com/search/pins/?q=ma%C5%82y%20ogr%C3%B3d;https://newsroom.pinterest.com/en-ca/news/spring-trend-report-2026/;DOMOWY RESET;Clean editorial;L01,L02,L06;LISTA,PROBLEM,PRODUCT;#F6F1E8/#20201E/#D85C4A
ogród inspiracje;Balkon i ogród;Core;Informacyjna;7;8;8;5;7.35;P4;https://pl.pinterest.com/search/pins/?q=ogr%C3%B3d%20inspiracje;https://newsroom.pinterest.com/en-ca/news/spring-trend-report-2026/;DOMOWY RESET;Clean editorial;L01,L02,L06;LISTA,PROBLEM,PRODUCT;#F6F1E8/#20201E/#D85C4A
aranżacja małego ogrodu;Balkon i ogród;Core;Informacyjna;8;8;8;5;7.7;P3;https://pl.pinterest.com/search/pins/?q=aran%C5%BCacja%20ma%C5%82ego%20ogrodu;https://newsroom.pinterest.com/en-ca/news/spring-trend-report-2026/;DOMOWY RESET;Clean editorial;L01,L02,L06;LISTA,PROBLEM,PRODUCT;#F6F1E8/#20201E/#D85C4A
mały ogród przy domu;Balkon i ogród;Long-tail;Informacyjna;8;8;8;5;7.7;P3;https://pl.pinterest.com/search/pins/?q=ma%C5%82y%20ogr%C3%B3d%20przy%20domu;https://newsroom.pinterest.com/en-ca/news/spring-trend-report-2026/;DOMOWY RESET;Clean editorial;L01,L02,L06;LISTA,PROBLEM,PRODUCT;#F6F1E8/#20201E/#D85C4A
ogród w małej przestrzeni;Balkon i ogród;Long-tail;Informacyjna;8;8;8;5;7.7;P3;https://pl.pinterest.com/search/pins/?q=ogr%C3%B3d%20w%20ma%C5%82ej%20przestrzeni;https://newsroom.pinterest.com/en-ca/news/spring-trend-report-2026/;DOMOWY RESET;Clean editorial;L01,L02,L06;LISTA,PROBLEM,PRODUCT;#F6F1E8/#20201E/#D85C4A
ogród warzywny;Balkon i ogród;Core;Informacyjna;7;8;8;5;7.35;P4;https://pl.pinterest.com/search/pins/?q=ogr%C3%B3d%20warzywny;https://newsroom.pinterest.com/en-ca/news/spring-trend-report-2026/;DOMOWY RESET;Clean editorial;L01,L02,L06;LISTA,PROBLEM,PRODUCT;#F6F1E8/#20201E/#D85C4A
ogródek warzywny;Balkon i ogród;Core;Informacyjna;7;8;8;5;7.35;P4;https://pl.pinterest.com/search/pins/?q=ogr%C3%B3dek%20warzywny;https://newsroom.pinterest.com/en-ca/news/spring-trend-report-2026/;DOMOWY RESET;Clean editorial;L01,L02,L06;LISTA,PROBLEM,PRODUCT;#F6F1E8/#20201E/#D85C4A
ogród na balkonie;Balkon i ogród;Core;Informacyjna;7;8;8;5;7.35;P4;https://pl.pinterest.com/search/pins/?q=ogr%C3%B3d%20na%20balkonie;https://newsroom.pinterest.com/en-ca/news/spring-trend-report-2026/;DOMOWY RESET;Clean editorial;L01,L02,L06;LISTA,PROBLEM,PRODUCT;#F6F1E8/#20201E/#D85C4A
warzywa na balkon;Balkon i ogród;Core;Informacyjna;7;8;8;5;7.35;P4;https://pl.pinterest.com/search/pins/?q=warzywa%20na%20balkon;https://newsroom.pinterest.com/en-ca/news/spring-trend-report-2026/;DOMOWY RESET;Clean editorial;L01,L02,L06;LISTA,PROBLEM,PRODUCT;#F6F1E8/#20201E/#D85C4A
zioła na balkonie;Balkon i ogród;Core;Informacyjna;7;8;8;5;7.35;P4;https://pl.pinterest.com/search/pins/?q=zio%C5%82a%20na%20balkonie;https://newsroom.pinterest.com/en-ca/news/spring-trend-report-2026/;DOMOWY RESET;Clean editorial;L01,L02,L06;LISTA,PROBLEM,PRODUCT;#F6F1E8/#20201E/#D85C4A
taras inspiracje;Balkon i ogród;Core;Informacyjna;7;8;8;5;7.35;P4;https://pl.pinterest.com/search/pins/?q=taras%20inspiracje;https://newsroom.pinterest.com/en-ca/news/spring-trend-report-2026/;DOMOWY RESET;Clean editorial;L01,L02,L06;LISTA,PROBLEM,PRODUCT;#F6F1E8/#20201E/#D85C4A
mały taras;Balkon i ogród;Core;Informacyjna;8;8;8;5;7.7;P3;https://pl.pinterest.com/search/pins/?q=ma%C5%82y%20taras;https://newsroom.pinterest.com/en-ca/news/spring-trend-report-2026/;DOMOWY RESET;Clean editorial;L01,L02,L06;LISTA,PROBLEM,PRODUCT;#F6F1E8/#20201E/#D85C4A
aranżacja tarasu;Balkon i ogród;Core;Informacyjna;7;8;8;5;7.35;P4;https://pl.pinterest.com/search/pins/?q=aran%C5%BCacja%20tarasu;https://newsroom.pinterest.com/en-ca/news/spring-trend-report-2026/;DOMOWY RESET;Clean editorial;L01,L02,L06;LISTA,PROBLEM,PRODUCT;#F6F1E8/#20201E/#D85C4A
przytulny taras;Balkon i ogród;Core;Informacyjna;7;8;8;5;7.35;P4;https://pl.pinterest.com/search/pins/?q=przytulny%20taras;https://newsroom.pinterest.com/en-ca/news/spring-trend-report-2026/;DOMOWY RESET;Clean editorial;L01,L02,L06;LISTA,PROBLEM,PRODUCT;#F6F1E8/#20201E/#D85C4A
dekoracje tarasu;Balkon i ogród;Core;Informacyjna;7;8;8;5;7.35;P4;https://pl.pinterest.com/search/pins/?q=dekoracje%20tarasu;https://newsroom.pinterest.com/en-ca/news/spring-trend-report-2026/;DOMOWY RESET;Clean editorial;L01,L02,L06;LISTA,PROBLEM,PRODUCT;#F6F1E8/#20201E/#D85C4A
oświetlenie balkonu;Balkon i ogród;Core;Informacyjna;7;8;8;5;7.35;P4;https://pl.pinterest.com/search/pins/?q=o%C5%9Bwietlenie%20balkonu;https://newsroom.pinterest.com/en-ca/news/spring-trend-report-2026/;DOMOWY RESET;Clean editorial;L01,L02,L06;LISTA,PROBLEM,PRODUCT;#F6F1E8/#20201E/#D85C4A
oświetlenie tarasu;Balkon i ogród;Core;Informacyjna;7;8;8;5;7.35;P4;https://pl.pinterest.com/search/pins/?q=o%C5%9Bwietlenie%20tarasu;https://newsroom.pinterest.com/en-ca/news/spring-trend-report-2026/;DOMOWY RESET;Clean editorial;L01,L02,L06;LISTA,PROBLEM,PRODUCT;#F6F1E8/#20201E/#D85C4A
meble na mały balkon;Balkon i ogród;Long-tail;Hybrydowa;8;9;8;5;8;P3;https://pl.pinterest.com/search/pins/?q=meble%20na%20ma%C5%82y%20balkon;https://newsroom.pinterest.com/en-ca/news/spring-trend-report-2026/;DOMOWY RESET;Clean editorial;L01,L02,L06;LISTA,PROBLEM,PRODUCT;#F6F1E8/#20201E/#D85C4A
meble balkonowe;Balkon i ogród;Core;Komercyjna;7;9;9;5;7.9;P3;https://pl.pinterest.com/search/pins/?q=meble%20balkonowe;https://newsroom.pinterest.com/en-ca/news/spring-trend-report-2026/;DOMOWY RESET;Clean editorial;L01,L02,L06;LISTA,PROBLEM,PRODUCT;#F6F1E8/#20201E/#D85C4A
skrzynia na balkon;Balkon i ogród;Core;Komercyjna;7;8;9;5;7.6;P3;https://pl.pinterest.com/search/pins/?q=skrzynia%20na%20balkon;https://newsroom.pinterest.com/en-ca/news/spring-trend-report-2026/;DOMOWY RESET;Clean editorial;L01,L02,L06;LISTA,PROBLEM,PRODUCT;#F6F1E8/#20201E/#D85C4A
przechowywanie na balkonie;Balkon i ogród;Core;Informacyjna;7;8;8;5;7.35;P4;https://pl.pinterest.com/search/pins/?q=przechowywanie%20na%20balkonie;https://newsroom.pinterest.com/en-ca/news/spring-trend-report-2026/;DOMOWY RESET;Clean editorial;L01,L02,L06;LISTA,PROBLEM,PRODUCT;#F6F1E8/#20201E/#D85C4A
organizacja balkonu;Balkon i ogród;Core;Informacyjna;7;8;8;5;7.35;P4;https://pl.pinterest.com/search/pins/?q=organizacja%20balkonu;https://newsroom.pinterest.com/en-ca/news/spring-trend-report-2026/;DOMOWY RESET;Clean editorial;L01,L02,L06;LISTA,PROBLEM,PRODUCT;#F6F1E8/#20201E/#D85C4A
balkon małym kosztem;Balkon i ogród;Core;Informacyjna;8;8;8;5;7.7;P3;https://pl.pinterest.com/search/pins/?q=balkon%20ma%C5%82ym%20kosztem;https://newsroom.pinterest.com/en-ca/news/spring-trend-report-2026/;DOMOWY RESET;Clean editorial;L01,L02,L06;LISTA,PROBLEM,PRODUCT;#F6F1E8/#20201E/#D85C4A
tani balkon;Balkon i ogród;Core;Informacyjna;7;8;8;5;7.35;P4;https://pl.pinterest.com/search/pins/?q=tani%20balkon;https://newsroom.pinterest.com/en-ca/news/spring-trend-report-2026/;DOMOWY RESET;Clean editorial;L01,L02,L06;LISTA,PROBLEM,PRODUCT;#F6F1E8/#20201E/#D85C4A
metamorfoza balkonu;Balkon i ogród;Core;Informacyjna;7;8;8;5;7.35;P4;https://pl.pinterest.com/search/pins/?q=metamorfoza%20balkonu;https://newsroom.pinterest.com/en-ca/news/spring-trend-report-2026/;DOMOWY RESET;Clean editorial;L01,L02,L06;LISTA,PROBLEM,PRODUCT;#F6F1E8/#20201E/#D85C4A
balkon przed i po;Balkon i ogród;Long-tail;Informacyjna;7;8;8;5;7.35;P4;https://pl.pinterest.com/search/pins/?q=balkon%20przed%20i%20po;https://newsroom.pinterest.com/en-ca/news/spring-trend-report-2026/;DOMOWY RESET;Clean editorial;L01,L02,L06;LISTA,PROBLEM,PRODUCT;#F6F1E8/#20201E/#D85C4A
rośliny do małego ogrodu;Balkon i ogród;Long-tail;Informacyjna;8;8;8;5;7.7;P3;https://pl.pinterest.com/search/pins/?q=ro%C5%9Bliny%20do%20ma%C5%82ego%20ogrodu;https://newsroom.pinterest.com/en-ca/news/spring-trend-report-2026/;DOMOWY RESET;Clean editorial;L01,L02,L06;LISTA,PROBLEM,PRODUCT;#F6F1E8/#20201E/#D85C4A
sprytne przechowywanie na balkonie;Balkon i ogród;Long-tail;Informacyjna;7;8;8;5;7.35;P4;https://pl.pinterest.com/search/pins/?q=sprytne%20przechowywanie%20na%20balkonie;https://newsroom.pinterest.com/en-ca/news/spring-trend-report-2026/;DOMOWY RESET;Clean editorial;L01,L02,L06;LISTA,PROBLEM,PRODUCT;#F6F1E8/#20201E/#D85C4A
dekoracje do małego ogrodu;Balkon i ogród;Long-tail;Informacyjna;8;8;8;5;7.7;P3;https://pl.pinterest.com/search/pins/?q=dekoracje%20do%20ma%C5%82ego%20ogrodu;https://newsroom.pinterest.com/en-ca/news/spring-trend-report-2026/;DOMOWY RESET;Clean editorial;L01,L02,L06;LISTA,PROBLEM,PRODUCT;#F6F1E8/#20201E/#D85C4A
mały taras małym kosztem;Balkon i ogród;Long-tail;Informacyjna;8;8;8;5;7.7;P3;https://pl.pinterest.com/search/pins/?q=ma%C5%82y%20taras%20ma%C5%82ym%20kosztem;https://newsroom.pinterest.com/en-ca/news/spring-trend-report-2026/;DOMOWY RESET;Clean editorial;L01,L02,L06;LISTA,PROBLEM,PRODUCT;#F6F1E8/#20201E/#D85C4A
organizacja pralni w małym mieszkaniu;Organizacja domu;Long-tail;Informacyjna;10;9;7;3;8.25;P2;https://pl.pinterest.com/search/pins/?q=organizacja%20pralni%20w%20ma%C5%82ym%20mieszkaniu;https://pl.pinterest.com/poludnica1/organizacja-domu/;DOMOWY RESET;Clean editorial;L01,L02,L06;LISTA,PROBLEM,PRODUCT;#F6F1E8/#20201E/#D85C4A
przechowywanie w pralni;Przechowywanie i organizacja;Core;Informacyjna;9;10;8;3;8.45;P2;https://pl.pinterest.com/search/pins/?q=przechowywanie%20w%20pralni;https://pl.pinterest.com/poludnica1/organizacja-domu/;DOMOWY RESET;Clean editorial;L01,L02,L06;LISTA,PROBLEM,PRODUCT;#F6F1E8/#20201E/#D85C4A
